"","ONTOLOGY","ID","Description","GeneRatio","BgRatio","pvalue","p.adjust","qvalue","geneID","Count"
"GO:0043531","MF","GO:0043531","ADP binding","33/620","171/22005",1.65235385803861e-18,6.93988620376217e-16,6.55723583663744e-16,"DM2h/NA/NA/CSA1/RPP7/CHS3/NA/NA/NA/RPS4/RPS5/PGK1/BURNOUT1/HRT/NA/NA/NA/NA/NA/NA/NA/LAZ5/NA/BAL/RPP5/ADR2/NRG1.1/NA/SOC3/NA/NA/NA/RPP4",33
"GO:0050135","MF","GO:0050135","NAD(P)+ nucleosidase activity","20/620","104/22005",1.03054680647512e-11,1.30200687110045e-09,1.23021701855857e-09,"DM2h/NA/CSA1/NA/RPS4/BURNOUT1/NA/NA/NA/NA/NA/LAZ5/NA/BAL/RPP5/ADR2/SOC3/NA/NA/RPP4",20
"GO:0003953","MF","GO:0003953","NAD+ nucleosidase activity","20/620","105/22005",1.24000654390519e-11,1.30200687110045e-09,1.23021701855857e-09,"DM2h/NA/CSA1/NA/RPS4/BURNOUT1/NA/NA/NA/NA/NA/LAZ5/NA/BAL/RPP5/ADR2/SOC3/NA/NA/RPP4",20
"GO:0061809","MF","GO:0061809","NAD+ nucleotidase, cyclic ADP-ribose generating","20/620","105/22005",1.24000654390519e-11,1.30200687110045e-09,1.23021701855857e-09,"DM2h/NA/CSA1/NA/RPS4/BURNOUT1/NA/NA/NA/NA/NA/LAZ5/NA/BAL/RPP5/ADR2/SOC3/NA/NA/RPP4",20
"GO:0016799","MF","GO:0016799","hydrolase activity, hydrolyzing N-glycosyl compounds","22/620","143/22005",9.56217196288675e-11,8.03222444882487e-09,7.58934490528064e-09,"DM2h/NA/CSA1/NA/RPS4/ATLOG1/BURNOUT1/NA/NA/NA/NA/NA/LAZ5/NA/BAL/RPP5/ADR2/SOC3/DML3/NA/NA/RPP4",22
"GO:0003755","MF","GO:0003755","peptidyl-prolyl cis-trans isomerase activity","13/620","61/22005",1.18087370893277e-08,8.26611596252936e-07,7.81034014504654e-07,"NA/ATFKBP13/ATCYP38/FKBP16-2/NA/NA/NA/NA/NA/NA/NA/NA/NA",13
"GO:0016859","MF","GO:0016859","cis-trans isomerase activity","13/620","66/22005",3.23202867960438e-08,1.93921720776263e-06,1.83229295069301e-06,"NA/ATFKBP13/ATCYP38/FKBP16-2/NA/NA/NA/NA/NA/NA/NA/NA/NA",13
"GO:0016168","MF","GO:0016168","chlorophyll binding","8/620","28/22005",7.1681096378296e-07,3.76325755986054e-05,3.55575964929179e-05,"SEP1/AB140/LHCB4.1/LHCB5/LHCB4.2/LHCA2/LHB1B2/LHCB2",8
"GO:0008266","MF","GO:0008266","poly(U) RNA binding","8/620","29/22005",9.65543034016457e-07,4.5058674920768e-05,4.25742367045853e-05,"NA/CSP41A/ATRBP31/CP29/OEC33/ATLFNR2/MSP-1/OE23",8
"GO:0008187","MF","GO:0008187","poly-pyrimidine tract binding","8/620","33/22005",2.82750620626234e-06,0.000118755260663018,0.000112207351553779,"NA/CSP41A/ATRBP31/CP29/OEC33/ATLFNR2/MSP-1/OE23",8
"GO:0003727","MF","GO:0003727","single-stranded RNA binding","10/620","76/22005",5.25290119998787e-05,0.00200565318544991,0.00189506579176596,"NA/CSP41A/HCF107/ATRBP31/CP29/OEC33/ATLFNR2/MSP-1/OE23/ATCTH",10
"GO:0016853","MF","GO:0016853","isomerase activity","19/620","262/22005",0.000173401758241773,0.00606906153846204,0.00573442656641652,"NA/ATFKBP13/ATCYP38/NA/NDF5/FKBP16-2/NA/NA/NA/NA/NA/NA/NA/NA/LQY1/EMB2728/NA/NA/NA",19
"GO:0016730","MF","GO:0016730","oxidoreductase activity, acting on iron-sulfur proteins as donors","3/620","10/22005",0.00230357259686642,0.0744231146679919,0.0703195845359222,"PGR5-LIKE/ATLFNR2/FTRB",3
"GO:0047134","MF","GO:0047134","protein-disulfide reductase activity","3/620","14/22005",0.00642461446311814,0.192738433893544,0.182111252074853,"ATHM1/Aty2/ATHM2",3
"GO:0015036","MF","GO:0015036","disulfide oxidoreductase activity","7/620","80/22005",0.00733812532862384,0.205467509201468,0.194138473606399,"ATHM1/Aty2/ATGRXCP/GRXC11/ATHM2/ROXY10/NTRC",7
"GO:0016668","MF","GO:0016668","oxidoreductase activity, acting on a sulfur group of donors, NAD(P) as acceptor","4/620","29/22005",0.00847151825153008,0.222377354102665,0.210115946107029,"ATHM1/Aty2/ATHM2/NTRC",4
"GO:0015035","MF","GO:0015035","protein disulfide oxidoreductase activity","6/620","66/22005",0.0106217011061193,0.262418497915888,0.247949307554611,"ATHM1/Aty2/ATGRXCP/GRXC11/ATHM2/ROXY10",6
"GO:0016667","MF","GO:0016667","oxidoreductase activity, acting on a sulfur group of donors","8/620","117/22005",0.0177643378668005,0.41123744841326,0.388562701884208,"ATHM1/Aty2/ATGRXCP/GRXC11/ATHM2/ROXY10/NTRC/FTRB",8
"GO:0016651","MF","GO:0016651","oxidoreductase activity, acting on NAD(P)H","8/620","118/22005",0.0186035988567903,0.41123744841326,0.388562701884208,"ATHM1/Aty2/CRR23/NDH-M/NdhN/ATHM2/ATLFNR2/NTRC",8
"GO:0009055","MF","GO:0009055","electron transfer activity","10/620","172/22005",0.0242223411648858,0.45560350470336,0.430482509456559,"DRT112/ATGRXCP/GRXC11/FdC1/PnsL3/PETE1/PSBQ/ROXY10/FTRB/NA",10
"GO:0016671","MF","GO:0016671","oxidoreductase activity, acting on a sulfur group of donors, disulfide as acceptor","4/620","40/22005",0.0255979514308223,0.45560350470336,0.430482509456559,"ATHM1/Aty2/ATHM2/NTRC",4
"GO:0003747","MF","GO:0003747","translation release factor activity","2/620","10/22005",0.0307007199376916,0.45560350470336,0.430482509456559,"APG3/ATPRFB",2
"GO:0008079","MF","GO:0008079","translation termination factor activity","2/620","10/22005",0.0307007199376916,0.45560350470336,0.430482509456559,"APG3/ATPRFB",2
"GO:0008080","MF","GO:0008080","N-acetyltransferase activity","5/620","63/22005",0.0321968281719591,0.45560350470336,0.430482509456559,"NA/NA/ATNSI/AtNAA70/NA",5
"GO:0005509","MF","GO:0005509","calcium ion binding","13/620","263/22005",0.0362963082564663,0.45560350470336,0.430482509456559,"ATCBL10/GDPDL1/NA/PnsL1/PnsL3/PSBQ/PPD5/PPD1/PPD6/OE23/ATCRSH/NA/MICU",13
"GO:0004017","MF","GO:0004017","adenylate kinase activity","2/620","11/22005",0.0368338897864432,0.45560350470336,0.430482509456559,"NA/AMK2",2
"GO:0045156","MF","GO:0045156","electron transporter, transferring electrons within the cyclic electron transport pathway of photosynthesis activity","2/620","11/22005",0.0368338897864432,0.45560350470336,0.430482509456559,"PnsL3/PSBQ",2
"GO:0051536","MF","GO:0051536","iron-sulfur cluster binding","5/620","66/22005",0.0382628195475204,0.45560350470336,0.430482509456559,"ATCNFU3/FdC1/CLB4/FTRB/NA",5
"GO:0051540","MF","GO:0051540","metal cluster binding","5/620","66/22005",0.0382628195475204,0.45560350470336,0.430482509456559,"ATCNFU3/FdC1/CLB4/FTRB/NA",5
"GO:0140104","MF","GO:0140104","molecular carrier activity","3/620","27/22005",0.0394330890047667,0.45560350470336,0.430482509456559,"ACP4/ATCCS/ALB3",3
"GO:0046906","MF","GO:0046906","tetrapyrrole binding","18/620","407/22005",0.0408894860647427,0.45560350470336,0.430482509456559,"CYP71B4/CYP72A14/CYP71B12/APX6/CYP71B35/GUN4/SEP1/AB140/CYP97B3/TAPX/LHCB4.1/LHCB5/APX4/LHCB4.2/LHCA2/CYP71A22/LHB1B2/LHCB2",18
"GO:0000774","MF","GO:0000774","adenyl-nucleotide exchange factor activity","2/620","12/22005",0.0433908099717486,0.45560350470336,0.430482509456559,"Fes1C/Fes1B",2
"GO:0004029","MF","GO:0004029","aldehyde dehydrogenase (NAD+) activity","2/620","12/22005",0.0433908099717486,0.45560350470336,0.430482509456559,"ALDH3/ALDH11A3",2
"GO:0004030","MF","GO:0004030","aldehyde dehydrogenase [NAD(P)+] activity","2/620","12/22005",0.0433908099717486,0.45560350470336,0.430482509456559,"ALDH3/ALDH11A3",2
"GO:0004549","MF","GO:0004549","tRNA-specific ribonuclease activity","2/620","12/22005",0.0433908099717486,0.45560350470336,0.430482509456559,"PRORP2/LIP2",2
"GO:0005375","MF","GO:0005375","copper ion transmembrane transporter activity","2/620","12/22005",0.0433908099717486,0.45560350470336,0.430482509456559,"COPT2/emb1513",2
"GO:0017136","MF","GO:0017136","NAD-dependent histone deacetylase activity","2/620","12/22005",0.0433908099717486,0.45560350470336,0.430482509456559,"ATHDA5/ATHDA14",2
"GO:0031078","MF","GO:0031078","histone deacetylase activity (H3-K14 specific)","2/620","12/22005",0.0433908099717486,0.45560350470336,0.430482509456559,"ATHDA5/ATHDA14",2
"GO:0032041","MF","GO:0032041","NAD-dependent histone deacetylase activity (H3-K14 specific)","2/620","12/22005",0.0433908099717486,0.45560350470336,0.430482509456559,"ATHDA5/ATHDA14",2
"GO:0034979","MF","GO:0034979","NAD-dependent protein deacetylase activity","2/620","12/22005",0.0433908099717486,0.45560350470336,0.430482509456559,"ATHDA5/ATHDA14",2
"GO:0008320","MF","GO:0008320","protein transmembrane transporter activity","4/620","48/22005",0.0458018954718852,0.458018954718852,0.432764776764429,"SCY1/HCF106/SECE1/ALB3",4
"GO:0022884","MF","GO:0022884","macromolecule transmembrane transporter activity","4/620","48/22005",0.0458018954718852,0.458018954718852,0.432764776764429,"SCY1/HCF106/SECE1/ALB3",4
"GO:0140318","MF","GO:0140318","protein transporter activity","4/620","49/22005",0.0488064383248906,0.469866277773138,0.443958863961086,"SCY1/HCF106/SECE1/ALB3",4
"GO:0008889","MF","GO:0008889","glycerophosphodiester phosphodiesterase activity","2/620","13/22005",0.0503428154756934,0.469866277773138,0.443958863961086,"GDPDL2/GDPDL1",2
"GO:0015149","MF","GO:0015149","hexose transmembrane transporter activity","2/620","13/22005",0.0503428154756934,0.469866277773138,0.443958863961086,"HP59/AtSTP14",2
"GO:0015144","MF","GO:0015144","carbohydrate transmembrane transporter activity","6/620","95/22005",0.0518746807936304,0.473638389854886,0.447522989913013,"HP59/ATPPT2/AtSWEET11/AtSTP14/APE2/NA",6
"GO:0004525","MF","GO:0004525","ribonuclease III activity","2/620","14/22005",0.057662515644456,0.50454701188899,0.476727377148243,"NA/RTL1",2
"GO:0032296","MF","GO:0032296","double-stranded RNA-specific ribonuclease activity","2/620","14/22005",0.057662515644456,0.50454701188899,0.476727377148243,"NA/RTL1",2
"GO:0008047","MF","GO:0008047","enzyme activator activity","7/620","124/22005",0.0615237774519705,0.527346663874033,0.498269905464938,"ATHM1/Aty2/ATF1/ATF2/ATHM2/ATCCS/NTRC",7
"GO:0016722","MF","GO:0016722","oxidoreductase activity, oxidizing metal ions","2/620","15/22005",0.0653237453219725,0.537960255592715,0.508298286612665,"ATFRO6/ATFRO7",2
"GO:0050308","MF","GO:0050308","sugar-phosphatase activity","2/620","15/22005",0.0653237453219725,0.537960255592715,0.508298286612665,"cfbp1/NA",2
"GO:0016410","MF","GO:0016410","N-acyltransferase activity","5/620","78/22005",0.0691126432024517,0.547685097076032,0.517486921297404,"NA/NA/ATNSI/AtNAA70/NA",5
"GO:0042887","MF","GO:0042887","amide transmembrane transporter activity","5/620","78/22005",0.0691126432024517,0.547685097076032,0.517486921297404,"SCY1/HCF106/SECE1/ALB3/ATUPS2",5
"GO:0016811","MF","GO:0016811","hydrolase activity, acting on carbon-nitrogen (but not peptide) bonds, in linear amides","5/620","82/22005",0.0817388993077441,0.635746994615788,0.600693275614416,"ATHDA5/NA/ATHDA14/AMI1/AtLpxC2",5
"GO:0003725","MF","GO:0003725","double-stranded RNA binding","2/620","18/22005",0.0901123642310794,0.64903752076931,0.61325099080208,"NA/NA",2
"GO:0004089","MF","GO:0004089","carbonate dehydratase activity","2/620","18/22005",0.0901123642310794,0.64903752076931,0.61325099080208,"BETA/ATBCA1",2
"GO:0016701","MF","GO:0016701","oxidoreductase activity, acting on single donors with incorporation of molecular oxygen","3/620","38/22005",0.0909438051287653,0.64903752076931,0.61325099080208,"CCD4/ATCAO/ACD1-LIKE",3
"GO:0016627","MF","GO:0016627","oxidoreductase activity, acting on the CH-CH group of donors","5/620","85/22005",0.0919568630866263,0.64903752076931,0.61325099080208,"PDE181/AOR/NA/HEMG1/CRR1",5
"GO:0004222","MF","GO:0004222","metalloendopeptidase activity","4/620","61/22005",0.0929321492286416,0.64903752076931,0.61325099080208,"NA/FTSH11/NA/NA",4
"GO:0016830","MF","GO:0016830","carbon-carbon lyase activity","6/620","111/22005",0.0938538520538102,0.64903752076931,0.61325099080208,"AtFBA5/RBCS1A/RBCS3B/NA/RBCS2B/DHNS",6
"GO:0051119","MF","GO:0051119","sugar transmembrane transporter activity","3/620","39/22005",0.0965601975298164,0.64903752076931,0.61325099080208,"HP59/AtSWEET11/AtSTP14",3
"GO:1904680","MF","GO:1904680","peptide transmembrane transporter activity","4/620","62/22005",0.0972503768214582,0.64903752076931,0.61325099080208,"SCY1/HCF106/SECE1/ALB3",4
"GO:0016209","MF","GO:0016209","antioxidant activity","7/620","139/22005",0.0984999852163907,0.64903752076931,0.61325099080208,"APX6/NA/TAPX/APX4/2-Cys/NTRC/AtSOD2",7
"GO:0050145","MF","GO:0050145","nucleoside monophosphate kinase activity","2/620","19/22005",0.0989009555457996,0.64903752076931,0.61325099080208,"NA/AMK2",2
"GO:0015450","MF","GO:0015450","P-P-bond-hydrolysis-driven protein transmembrane transporter activity","2/620","21/22005",0.117140875223218,0.718590111555535,0.678968601645205,"SECE1/ALB3",2
"GO:0016868","MF","GO:0016868","intramolecular transferase activity, phosphotransferases","2/620","21/22005",0.117140875223218,0.718590111555535,0.678968601645205,"NA/NA",2
"GO:0060590","MF","GO:0060590","ATPase regulator activity","2/620","21/22005",0.117140875223218,0.718590111555535,0.678968601645205,"Fes1C/Fes1B",2
"GO:0016810","MF","GO:0016810","hydrolase activity, acting on carbon-nitrogen (but not peptide) bonds","7/620","146/22005",0.119163442883042,0.718590111555535,0.678968601645205,"ATHDA5/NA/ARGAH2/NA/ATHDA14/AMI1/AtLpxC2",7
"GO:0016620","MF","GO:0016620","oxidoreductase activity, acting on the aldehyde or oxo group of donors, NAD or NADP as acceptor","3/620","43/22005",0.1203524429059,0.718590111555535,0.678968601645205,"GAPA-2/ALDH3/ALDH11A3",3
"GO:0019213","MF","GO:0019213","deacetylase activity","3/620","43/22005",0.1203524429059,0.718590111555535,0.678968601645205,"ATHDA5/ATHDA14/AtLpxC2",3
"GO:0016831","MF","GO:0016831","carboxy-lyase activity","4/620","68/22005",0.125034962346453,0.718590111555535,0.678968601645205,"RBCS1A/RBCS3B/NA/RBCS2B",4
"GO:0015145","MF","GO:0015145","monosaccharide transmembrane transporter activity","2/620","22/22005",0.126553642022729,0.718590111555535,0.678968601645205,"HP59/AtSTP14",2
"GO:0140223","MF","GO:0140223","general transcription initiation factor activity","2/620","22/22005",0.126553642022729,0.718590111555535,0.678968601645205,"HAF2/NA",2
"GO:0004659","MF","GO:0004659","prenyltransferase activity","3/620","44/22005",0.126608733940737,0.718590111555535,0.678968601645205,"ATHST/PSY/ATG4",3
"GO:0016628","MF","GO:0016628","oxidoreductase activity, acting on the CH-CH group of donors, NAD or NADP as acceptor","3/620","45/22005",0.132978801373364,0.744681287690839,0.703621166565029,"AOR/NA/CRR1",3
"GO:0008028","MF","GO:0008028","monocarboxylic acid transmembrane transporter activity","2/620","23/22005",0.136137417318302,0.752338358864299,0.710856043337947,"ATPPT2/APE2",2
"GO:0044183","MF","GO:0044183","protein folding chaperone","2/620","25/22005",0.155750548930062,0.849548448709427,0.802706178354521,"AtRbcX1/AtRbcX2",2
"GO:0016655","MF","GO:0016655","oxidoreductase activity, acting on NAD(P)H, quinone or similar compound as acceptor","3/620","49/22005",0.159500902410352,0.858851012978817,0.811495819280737,"CRR23/NDH-M/NdhN",3
"GO:0042162","MF","GO:0042162","telomeric DNA binding","2/620","26/22005",0.165748208235763,0.881193005810384,0.832605922783245,"ATTRP1/ATTRP2",2
"GO:0051539","MF","GO:0051539","4 iron, 4 sulfur cluster binding","3/620","52/22005",0.180352654280125,0.887792227103396,0.838841277238046,"ATCNFU3/CLB4/FTRB",3
"GO:0019203","MF","GO:0019203","carbohydrate phosphatase activity","2/620","28/22005",0.186052211751842,0.887792227103396,0.838841277238046,"cfbp1/NA",2
"GO:0030145","MF","GO:0030145","manganese ion binding","3/620","53/22005",0.187460949138439,0.887792227103396,0.838841277238046,"ATGER2/NA/PSBY",3
"GO:0016616","MF","GO:0016616","oxidoreductase activity, acting on the CH-OH group of donors, NAD or NADP as acceptor","7/620","168/22005",0.196773911229247,0.887792227103396,0.838841277238046,"ATCAD2/DRL1/AtPLR1/NA/G6PD1/ATSDH/NA",7
"GO:0004176","MF","GO:0004176","ATP-dependent peptidase activity","2/620","30/22005",0.206678157987462,0.887792227103396,0.838841277238046,"FTSH11/CLPR4",2
"GO:0005506","MF","GO:0005506","iron ion binding","12/620","325/22005",0.208411909476983,0.887792227103396,0.838841277238046,"CYP71B4/CYP72A14/CYP71B12/CYP71B35/ATCNFU3/B2/CYP97B3/ATCAO/NA/CYP71A22/CLB4/NA",12
"GO:0015605","MF","GO:0015605","organophosphate ester transmembrane transporter activity","3/620","56/22005",0.209194433653083,0.887792227103396,0.838841277238046,"NA/ATPPT2/APE2",3
"GO:0008081","MF","GO:0008081","phosphoric diester hydrolase activity","3/620","57/22005",0.216560123210639,0.887792227103396,0.838841277238046,"GDPDL2/GDPDL1/APE2",3
"GO:0004724","MF","GO:0004724","magnesium-dependent protein serine/threonine phosphatase activity","2/620","31/22005",0.217080763192012,0.887792227103396,0.838841277238046,"PPH1/NA",2
"GO:0016776","MF","GO:0016776","phosphotransferase activity, phosphate group as acceptor","2/620","32/22005",0.227527805361848,0.887792227103396,0.838841277238046,"NA/AMK2",2
"GO:0008237","MF","GO:0008237","metallopeptidase activity","4/620","87/22005",0.230125357650446,0.887792227103396,0.838841277238046,"NA/FTSH11/NA/NA",4
"GO:0004675","MF","GO:0004675","transmembrane receptor protein serine/threonine kinase activity","3/620","59/22005",0.23144694580703,0.887792227103396,0.838841277238046,"ARK2/LecRK-I.3/LecRK-V.9",3
"GO:0015301","MF","GO:0015301","anion:anion antiporter activity","2/620","33/22005",0.238008543066596,0.887792227103396,0.838841277238046,"AST91/ATPPT2",2
"GO:0140323","MF","GO:0140323","solute:anion antiporter activity","2/620","33/22005",0.238008543066596,0.887792227103396,0.838841277238046,"AST91/ATPPT2",2
"GO:0004521","MF","GO:0004521","endoribonuclease activity","5/620","118/22005",0.239777470043178,0.887792227103396,0.838841277238046,"PRORP2/NA/LIP2/RNE/RTL1",5
"GO:0016857","MF","GO:0016857","racemase and epimerase activity, acting on carbohydrates and derivatives","2/620","34/22005",0.248512803044149,0.887792227103396,0.838841277238046,"NDF5/EMB2728",2
"GO:0004084","MF","GO:0004084","branched-chain-amino-acid transaminase activity","1/620","10/22005",0.248631367471283,0.887792227103396,0.838841277238046,"ATBCAT-1",1
"GO:0008296","MF","GO:0008296","3'-5'-exodeoxyribonuclease activity","1/620","10/22005",0.248631367471283,0.887792227103396,0.838841277238046,"APE2",1
"GO:0008379","MF","GO:0008379","thioredoxin peroxidase activity","1/620","10/22005",0.248631367471283,0.887792227103396,0.838841277238046,"2-Cys",1
"GO:0047429","MF","GO:0047429","nucleoside-triphosphate diphosphatase activity","1/620","10/22005",0.248631367471283,0.887792227103396,0.838841277238046,"NA",1
"GO:0051537","MF","GO:0051537","2 iron, 2 sulfur cluster binding","1/620","10/22005",0.248631367471283,0.887792227103396,0.838841277238046,"FdC1",1
"GO:0051920","MF","GO:0051920","peroxiredoxin activity","1/620","10/22005",0.248631367471283,0.887792227103396,0.838841277238046,"2-Cys",1
"GO:0070569","MF","GO:0070569","uridylyltransferase activity","1/620","10/22005",0.248631367471283,0.887792227103396,0.838841277238046,"UGP3",1
"GO:0016903","MF","GO:0016903","oxidoreductase activity, acting on the aldehyde or oxo group of donors","3/620","62/22005",0.254102286610866,0.887792227103396,0.838841277238046,"GAPA-2/ALDH3/ALDH11A3",3
"GO:0016891","MF","GO:0016891","endoribonuclease activity, producing 5'-phosphomonoesters","4/620","91/22005",0.254594698146113,0.887792227103396,0.838841277238046,"PRORP2/NA/LIP2/RTL1",4
"GO:0004407","MF","GO:0004407","histone deacetylase activity","2/620","35/22005",0.259030956798096,0.887792227103396,0.838841277238046,"ATHDA5/ATHDA14",2
"GO:0033558","MF","GO:0033558","protein deacetylase activity","2/620","35/22005",0.259030956798096,0.887792227103396,0.838841277238046,"ATHDA5/ATHDA14",2
"GO:0016744","MF","GO:0016744","transferase activity, transferring aldehyde or ketonic groups","1/620","11/22005",0.269811115239767,0.887792227103396,0.838841277238046,"AtCLA1",1
"GO:0016774","MF","GO:0016774","phosphotransferase activity, carboxyl group as acceptor","1/620","11/22005",0.269811115239767,0.887792227103396,0.838841277238046,"PGK1",1
"GO:0052747","MF","GO:0052747","sinapyl alcohol dehydrogenase activity","1/620","11/22005",0.269811115239767,0.887792227103396,0.838841277238046,"ATCAD2",1
"GO:2001070","MF","GO:2001070","starch binding","1/620","11/22005",0.269811115239767,0.887792227103396,0.838841277238046,"RNE",1
"GO:0038023","MF","GO:0038023","signaling receptor activity","6/620","157/22005",0.282277667399478,0.887792227103396,0.838841277238046,"ARK2/AtPHOT2/LecRK-I.3/RPS5/LecRK-V.9/ATCRY1",6
"GO:0004497","MF","GO:0004497","monooxygenase activity","8/620","221/22005",0.285607516113208,0.887792227103396,0.838841277238046,"CYP72A14/CYP71B35/ACSF/B2/ATCAO/ABA1/ACD1-LIKE/NA",8
"GO:0003735","MF","GO:0003735","structural constituent of ribosome","11/620","318/22005",0.286545096807397,0.887792227103396,0.838841277238046,"SSR16/RPL32/RPS9/NA/RPL27/EMB3126/EMB2394/PRPL29/PRPL34/PRPL3/GHS1",11
"GO:0000036","MF","GO:0000036","acyl carrier activity","1/620","12/22005",0.290394779355041,0.887792227103396,0.838841277238046,"ACP4",1
"GO:0003843","MF","GO:0003843","1,3-beta-D-glucan synthase activity","1/620","12/22005",0.290394779355041,0.887792227103396,0.838841277238046,"ATGSL06",1
"GO:0008271","MF","GO:0008271","secondary active sulfate transmembrane transporter activity","1/620","12/22005",0.290394779355041,0.887792227103396,0.838841277238046,"AST91",1
"GO:0009044","MF","GO:0009044","xylan 1,4-beta-xylosidase activity","1/620","12/22005",0.290394779355041,0.887792227103396,0.838841277238046,"ATBXL2",1
"GO:0016634","MF","GO:0016634","oxidoreductase activity, acting on the CH-CH group of donors, oxygen as acceptor","1/620","12/22005",0.290394779355041,0.887792227103396,0.838841277238046,"HEMG1",1
"GO:0044620","MF","GO:0044620","ACP phosphopantetheine attachment site binding","1/620","12/22005",0.290394779355041,0.887792227103396,0.838841277238046,"ACP4",1
"GO:0045551","MF","GO:0045551","cinnamyl-alcohol dehydrogenase activity","1/620","12/22005",0.290394779355041,0.887792227103396,0.838841277238046,"ATCAD2",1
"GO:0046556","MF","GO:0046556","alpha-L-arabinofuranosidase activity","1/620","12/22005",0.290394779355041,0.887792227103396,0.838841277238046,"ATBXL2",1
"GO:0051192","MF","GO:0051192","prosthetic group binding","1/620","12/22005",0.290394779355041,0.887792227103396,0.838841277238046,"ACP4",1
"GO:0140414","MF","GO:0140414","phosphopantetheine-dependent carrier activity","1/620","12/22005",0.290394779355041,0.887792227103396,0.838841277238046,"ACP4",1
"GO:0050661","MF","GO:0050661","NADP binding","3/620","67/22005",0.292460210295233,0.887792227103396,0.838841277238046,"GAPA-2/AtPLR1/G6PD1",3
"GO:0008236","MF","GO:0008236","serine-type peptidase activity","7/620","191/22005",0.293617150766272,0.887792227103396,0.838841277238046,"scpl4/NA/SPPA/DEG5/CLPR4/scpl6/DEG1",7
"GO:0017171","MF","GO:0017171","serine hydrolase activity","7/620","191/22005",0.293617150766272,0.887792227103396,0.838841277238046,"scpl4/NA/SPPA/DEG5/CLPR4/scpl6/DEG1",7
"GO:0016874","MF","GO:0016874","ligase activity","8/620","223/22005",0.293790237246014,0.887792227103396,0.838841277238046,"EMB2247/DFL2/EMB2761/ABAR/ATPD/CH-42/AAE14/ALB-1V",8
"GO:0016407","MF","GO:0016407","acetyltransferase activity","5/620","129/22005",0.298946317999619,0.887792227103396,0.838841277238046,"NA/NA/ATNSI/AtNAA70/NA",5
"GO:0042802","MF","GO:0042802","identical protein binding","13/620","388/22005",0.301134177533721,0.887792227103396,0.838841277238046,"AtPHOT2/RPS4/RPS5/PGR5-LIKE/ATSULA/LIL3:2/PDE320/AtCLA1/HLH1/ALB3/ATCRY1/DEG1/GT-1",13
"GO:0004519","MF","GO:0004519","endonuclease activity","6/620","162/22005",0.306720857895268,0.887792227103396,0.838841277238046,"PRORP2/NA/LIP2/RNE/RTL1/NA",6
"GO:0001228","MF","GO:0001228","DNA-binding transcription activator activity, RNA polymerase II-specific","3/620","69/22005",0.307925085180334,0.887792227103396,0.838841277238046,"NF-YC12/NF-YC4/AKS2",3
"GO:0004337","MF","GO:0004337","geranyltranstransferase activity","1/620","13/22005",0.31039910967832,0.887792227103396,0.838841277238046,"PSY",1
"GO:0015037","MF","GO:0015037","peptide disulfide oxidoreductase activity","1/620","13/22005",0.31039910967832,0.887792227103396,0.838841277238046,"ATGRXCP",1
"GO:0015038","MF","GO:0015038","glutathione disulfide oxidoreductase activity","1/620","13/22005",0.31039910967832,0.887792227103396,0.838841277238046,"ATGRXCP",1
"GO:0016778","MF","GO:0016778","diphosphotransferase activity","1/620","13/22005",0.31039910967832,0.887792227103396,0.838841277238046,"ATCRSH",1
"GO:0031956","MF","GO:0031956","medium-chain fatty acid-CoA ligase activity","1/620","13/22005",0.31039910967832,0.887792227103396,0.838841277238046,"AAE14",1
"GO:0032440","MF","GO:0032440","2-alkenal reductase [NAD(P)+] activity","1/620","13/22005",0.31039910967832,0.887792227103396,0.838841277238046,"AOR",1
"GO:0019205","MF","GO:0019205","nucleobase-containing compound kinase activity","2/620","41/22005",0.321955585420511,0.887792227103396,0.838841277238046,"NA/AMK2",2
"GO:0002161","MF","GO:0002161","aminoacyl-tRNA editing activity","1/620","14/22005",0.329840386142463,0.887792227103396,0.838841277238046,"EMB2247",1
"GO:0015645","MF","GO:0015645","fatty acid ligase activity","1/620","14/22005",0.329840386142463,0.887792227103396,0.838841277238046,"AAE14",1
"GO:0016251","MF","GO:0016251","RNA polymerase II general transcription initiation factor activity","1/620","14/22005",0.329840386142463,0.887792227103396,0.838841277238046,"HAF2",1
"GO:0016833","MF","GO:0016833","oxo-acid-lyase activity","1/620","14/22005",0.329840386142463,0.887792227103396,0.838841277238046,"DHNS",1
"GO:0070300","MF","GO:0070300","phosphatidic acid binding","1/620","14/22005",0.329840386142463,0.887792227103396,0.838841277238046,"PDE320",1
"GO:0004540","MF","GO:0004540","ribonuclease activity","6/620","168/22005",0.336504234706912,0.887792227103396,0.838841277238046,"PRORP2/NA/LIP2/RNE/CCR4c/RTL1",6
"GO:0060089","MF","GO:0060089","molecular transducer activity","7/620","201/22005",0.338729615598782,0.887792227103396,0.838841277238046,"ARK2/AtPHOT2/LecRK-I.3/RPS5/LecRK-V.9/ATCRY1/APRR5",7
"GO:0008171","MF","GO:0008171","O-methyltransferase activity","2/620","43/22005",0.342683613952975,0.887792227103396,0.838841277238046,"IGMT4/CHLM",2
"GO:0016854","MF","GO:0016854","racemase and epimerase activity","2/620","43/22005",0.342683613952975,0.887792227103396,0.838841277238046,"NDF5/EMB2728",2
"GO:0016893","MF","GO:0016893","endonuclease activity, active with either ribo- or deoxyribonucleic acids and producing 5'-phosphomonoesters","4/620","105/22005",0.343265164799249,0.887792227103396,0.838841277238046,"PRORP2/NA/LIP2/RTL1",4
"GO:0016614","MF","GO:0016614","oxidoreductase activity, acting on CH-OH group of donors","7/620","202/22005",0.343297252105712,0.887792227103396,0.838841277238046,"ATCAD2/DRL1/AtPLR1/NA/G6PD1/ATSDH/NA",7
"GO:0001216","MF","GO:0001216","DNA-binding transcription activator activity","3/620","74/22005",0.346650630736994,0.887792227103396,0.838841277238046,"NF-YC12/NF-YC4/AKS2",3
"GO:0046915","MF","GO:0046915","transition metal ion transmembrane transporter activity","3/620","74/22005",0.346650630736994,0.887792227103396,0.838841277238046,"COPT2/emb1513/AtVTL5",3
"GO:0004033","MF","GO:0004033","aldo-keto reductase (NADP) activity","1/620","15/22005",0.348734431915355,0.887792227103396,0.838841277238046,"AtPLR1",1
"GO:0004161","MF","GO:0004161","dimethylallyltranstransferase activity","1/620","15/22005",0.348734431915355,0.887792227103396,0.838841277238046,"ATHST",1
"GO:0008061","MF","GO:0008061","chitin binding","1/620","15/22005",0.348734431915355,0.887792227103396,0.838841277238046,"NA",1
"GO:0008097","MF","GO:0008097","5S rRNA binding","1/620","15/22005",0.348734431915355,0.887792227103396,0.838841277238046,"NA",1
"GO:0030983","MF","GO:0030983","mismatched DNA binding","1/620","15/22005",0.348734431915355,0.887792227103396,0.838841277238046,"NA",1
"GO:0016278","MF","GO:0016278","lysine N-methyltransferase activity","2/620","44/22005",0.352972893953558,0.887792227103396,0.838841277238046,"NA/NA",2
"GO:0016279","MF","GO:0016279","protein-lysine N-methyltransferase activity","2/620","44/22005",0.352972893953558,0.887792227103396,0.838841277238046,"NA/NA",2
"GO:0045735","MF","GO:0045735","nutrient reservoir activity","2/620","44/22005",0.352972893953558,0.887792227103396,0.838841277238046,"ATGER2/NA",2
"GO:0071949","MF","GO:0071949","FAD binding","3/620","76/22005",0.362100496480382,0.887792227103396,0.838841277238046,"CTF2A/ATCRY1/ABA1",3
"GO:0008970","MF","GO:0008970","phospholipase A1 activity","1/620","16/22005",0.367096626195141,0.887792227103396,0.838841277238046,"NA",1
"GO:0019903","MF","GO:0019903","protein phosphatase binding","1/620","16/22005",0.367096626195141,0.887792227103396,0.838841277238046,"ATHDA14",1
"GO:0035250","MF","GO:0035250","UDP-galactosyltransferase activity","1/620","16/22005",0.367096626195141,0.887792227103396,0.838841277238046,"EMB2797",1
"GO:0019199","MF","GO:0019199","transmembrane receptor protein kinase activity","3/620","77/22005",0.369805166109314,0.887792227103396,0.838841277238046,"ARK2/LecRK-I.3/LecRK-V.9",3
"GO:0003746","MF","GO:0003746","translation elongation factor activity","1/620","17/22005",0.384941916647595,0.887792227103396,0.838841277238046,"emb2726",1
"GO:0004311","MF","GO:0004311","farnesyltranstransferase activity","1/620","17/22005",0.384941916647595,0.887792227103396,0.838841277238046,"PSY",1
"GO:0008574","MF","GO:0008574","ATP-dependent microtubule motor activity, plus-end-directed","1/620","17/22005",0.384941916647595,0.887792227103396,0.838841277238046,"NA",1
"GO:0015116","MF","GO:0015116","sulfate transmembrane transporter activity","1/620","17/22005",0.384941916647595,0.887792227103396,0.838841277238046,"AST91",1
"GO:0004601","MF","GO:0004601","peroxidase activity","4/620","112/22005",0.388152457181896,0.887792227103396,0.838841277238046,"APX6/TAPX/APX4/2-Cys",4
"GO:0000146","MF","GO:0000146","microfilament motor activity","1/620","18/22005",0.402284831495626,0.887792227103396,0.838841277238046,"ATM2",1
"GO:0004022","MF","GO:0004022","alcohol dehydrogenase (NAD+) activity","1/620","18/22005",0.402284831495626,0.887792227103396,0.838841277238046,"NA",1
"GO:0008146","MF","GO:0008146","sulfotransferase activity","1/620","18/22005",0.402284831495626,0.887792227103396,0.838841277238046,"NA",1
"GO:0008515","MF","GO:0008515","sucrose transmembrane transporter activity","1/620","18/22005",0.402284831495626,0.887792227103396,0.838841277238046,"AtSWEET11",1
"GO:0018455","MF","GO:0018455","alcohol dehydrogenase [NAD(P)+] activity","1/620","18/22005",0.402284831495626,0.887792227103396,0.838841277238046,"NA",1
"GO:0030898","MF","GO:0030898","actin-dependent ATPase activity","1/620","18/22005",0.402284831495626,0.887792227103396,0.838841277238046,"ATM2",1
"GO:0051117","MF","GO:0051117","ATPase binding","1/620","18/22005",0.402284831495626,0.887792227103396,0.838841277238046,"CLPR4",1
"GO:0005545","MF","GO:0005545","1-phosphatidylinositol binding","1/620","19/22005",0.419139491270616,0.887792227103396,0.838841277238046,"PICALM2b",1
"GO:0016861","MF","GO:0016861","intramolecular oxidoreductase activity, interconverting aldoses and ketoses","1/620","19/22005",0.419139491270616,0.887792227103396,0.838841277238046,"NA",1
"GO:0017069","MF","GO:0017069","snRNA binding","1/620","19/22005",0.419139491270616,0.887792227103396,0.838841277238046,"NA",1
"GO:0070122","MF","GO:0070122","isopeptidase activity","1/620","19/22005",0.419139491270616,0.887792227103396,0.838841277238046,"AMSH2",1
"GO:0080031","MF","GO:0080031","methyl salicylate esterase activity","1/620","19/22005",0.419139491270616,0.887792227103396,0.838841277238046,"ATMES3",1
"GO:0080032","MF","GO:0080032","methyl jasmonate esterase activity","1/620","19/22005",0.419139491270616,0.887792227103396,0.838841277238046,"ATMES3",1
"GO:0080161","MF","GO:0080161","auxin transmembrane transporter activity","1/620","19/22005",0.419139491270616,0.887792227103396,0.838841277238046,"LAX1",1
"GO:0097599","MF","GO:0097599","xylanase activity","1/620","19/22005",0.419139491270616,0.887792227103396,0.838841277238046,"ATBXL2",1
"GO:1990939","MF","GO:1990939","ATP-dependent microtubule motor activity","1/620","19/22005",0.419139491270616,0.887792227103396,0.838841277238046,"NA",1
"GO:0042578","MF","GO:0042578","phosphoric ester hydrolase activity","12/620","391/22005",0.42271806274848,0.887792227103396,0.838841277238046,"GDPDL2/GDPDL1/ATPGLP1/cfbp1/ATNUDX27/PPH1/NA/PP1-AT/NA/AtTLP18.3/NA/APE2",12
"GO:0016684","MF","GO:0016684","oxidoreductase activity, acting on peroxide as acceptor","4/620","118/22005",0.426305952617096,0.887792227103396,0.838841277238046,"APX6/TAPX/APX4/2-Cys",4
"GO:1901505","MF","GO:1901505","carbohydrate derivative transmembrane transporter activity","4/620","118/22005",0.426305952617096,0.887792227103396,0.838841277238046,"NA/ATPPT2/APE2/ATENT4",4
"GO:0008238","MF","GO:0008238","exopeptidase activity","3/620","85/22005",0.430619443058282,0.887792227103396,0.838841277238046,"scpl4/NA/scpl6",3
"GO:0004529","MF","GO:0004529","exodeoxyribonuclease activity","1/620","20/22005",0.435519620235058,0.887792227103396,0.838841277238046,"APE2",1
"GO:0004867","MF","GO:0004867","serine-type endopeptidase inhibitor activity","1/620","20/22005",0.435519620235058,0.887792227103396,0.838841277238046,"ATTI2",1
"GO:0005315","MF","GO:0005315","inorganic phosphate transmembrane transporter activity","1/620","20/22005",0.435519620235058,0.887792227103396,0.838841277238046,"ANTR1",1
"GO:0015154","MF","GO:0015154","disaccharide transmembrane transporter activity","1/620","20/22005",0.435519620235058,0.887792227103396,0.838841277238046,"AtSWEET11",1
"GO:0015157","MF","GO:0015157","oligosaccharide transmembrane transporter activity","1/620","20/22005",0.435519620235058,0.887792227103396,0.838841277238046,"AtSWEET11",1
"GO:0016895","MF","GO:0016895","exodeoxyribonuclease activity, producing 5'-phosphomonoesters","1/620","20/22005",0.435519620235058,0.887792227103396,0.838841277238046,"APE2",1
"GO:0017025","MF","GO:0017025","TBP-class protein binding","1/620","20/22005",0.435519620235058,0.887792227103396,0.838841277238046,"HAF2",1
"GO:0019902","MF","GO:0019902","phosphatase binding","1/620","20/22005",0.435519620235058,0.887792227103396,0.838841277238046,"ATHDA14",1
"GO:0047372","MF","GO:0047372","acylglycerol lipase activity","1/620","20/22005",0.435519620235058,0.887792227103396,0.838841277238046,"MAGL15",1
"GO:0004551","MF","GO:0004551","nucleotide diphosphatase activity","1/620","21/22005",0.45143855748565,0.887792227103396,0.838841277238046,"ATNUDX27",1
"GO:0005504","MF","GO:0005504","fatty acid binding","1/620","21/22005",0.45143855748565,0.887792227103396,0.838841277238046,"DIR1-like",1
"GO:0015020","MF","GO:0015020","glucuronosyltransferase activity","1/620","21/22005",0.45143855748565,0.887792227103396,0.838841277238046,"AtUGT85A5",1
"GO:0019104","MF","GO:0019104","DNA N-glycosylase activity","1/620","21/22005",0.45143855748565,0.887792227103396,0.838841277238046,"DML3",1
"GO:0032050","MF","GO:0032050","clathrin heavy chain binding","1/620","21/22005",0.45143855748565,0.887792227103396,0.838841277238046,"PICALM2b",1
"GO:0004185","MF","GO:0004185","serine-type carboxypeptidase activity","2/620","54/22005",0.452013924472742,0.887792227103396,0.838841277238046,"scpl4/scpl6",2
"GO:0004843","MF","GO:0004843","thiol-dependent ubiquitin-specific protease activity","2/620","54/22005",0.452013924472742,0.887792227103396,0.838841277238046,"AMSH2/OTU3",2
"GO:0004252","MF","GO:0004252","serine-type endopeptidase activity","4/620","123/22005",0.45762995122472,0.887792227103396,0.838841277238046,"SPPA/DEG5/CLPR4/DEG1",4
"GO:0046982","MF","GO:0046982","protein heterodimerization activity","4/620","123/22005",0.45762995122472,0.887792227103396,0.838841277238046,"HTA4/NF-YC12/NF-YB3/NF-YC4",4
"GO:0004518","MF","GO:0004518","nuclease activity","8/620","262/22005",0.459124871919597,0.887792227103396,0.838841277238046,"PRORP2/NA/LIP2/RNE/CCR4c/RTL1/APE2/NA",8
"GO:0004812","MF","GO:0004812","aminoacyl-tRNA ligase activity","2/620","55/22005",0.461452700104058,0.887792227103396,0.838841277238046,"EMB2247/EMB2761",2
"GO:0016875","MF","GO:0016875","ligase activity, forming carbon-oxygen bonds","2/620","55/22005",0.461452700104058,0.887792227103396,0.838841277238046,"EMB2247/EMB2761",2
"GO:0080044","MF","GO:0080044","quercetin 7-O-glucosyltransferase activity","2/620","55/22005",0.461452700104058,0.887792227103396,0.838841277238046,"AtUGT85A5/UGT88A1",2
"GO:0005507","MF","GO:0005507","copper ion binding","6/620","193/22005",0.461790576682467,0.887792227103396,0.838841277238046,"MLP329/RBCS1A/DRT112/PETE1/ATCCS/AtSOD2",6
"GO:0004565","MF","GO:0004565","beta-galactosidase activity","1/620","22/22005",0.466909267745789,0.887792227103396,0.838841277238046,"BGAL2",1
"GO:0005249","MF","GO:0005249","voltage-gated potassium channel activity","1/620","22/22005",0.466909267745789,0.887792227103396,0.838841277238046,"SKOR",1
"GO:0016832","MF","GO:0016832","aldehyde-lyase activity","1/620","22/22005",0.466909267745789,0.887792227103396,0.838841277238046,"AtFBA5",1
"GO:0043138","MF","GO:0043138","3'-5' DNA helicase activity","1/620","22/22005",0.466909267745789,0.887792227103396,0.838841277238046,"ATINO80",1
"GO:0140296","MF","GO:0140296","general transcription initiation factor binding","1/620","22/22005",0.466909267745789,0.887792227103396,0.838841277238046,"HAF2",1
"GO:0016747","MF","GO:0016747","transferase activity, transferring acyl groups other than amino-acyl groups","11/620","371/22005",0.474708556447286,0.887792227103396,0.838841277238046,"scpl4/NA/LIP2/NA/NA/ACT1/scpl6/ATNSI/AtNAA70/NA/NA",11
"GO:0015103","MF","GO:0015103","inorganic anion transmembrane transporter activity","4/620","126/22005",0.47614660725263,0.887792227103396,0.838841277238046,"AST91/ATPPT2/ATNRT2.6/ANTR1",4
"GO:0043130","MF","GO:0043130","ubiquitin binding","2/620","57/22005",0.480040525248805,0.887792227103396,0.838841277238046,"CHS3/NRG1.1",2
"GO:0070008","MF","GO:0070008","serine-type exopeptidase activity","2/620","57/22005",0.480040525248805,0.887792227103396,0.838841277238046,"scpl4/scpl6",2
"GO:0003756","MF","GO:0003756","protein disulfide isomerase activity","1/620","23/22005",0.481944351856129,0.887792227103396,0.838841277238046,"LQY1",1
"GO:0004177","MF","GO:0004177","aminopeptidase activity","1/620","23/22005",0.481944351856129,0.887792227103396,0.838841277238046,"NA",1
"GO:0004535","MF","GO:0004535","poly(A)-specific ribonuclease activity","1/620","23/22005",0.481944351856129,0.887792227103396,0.838841277238046,"CCR4c",1
"GO:0004568","MF","GO:0004568","chitinase activity","1/620","23/22005",0.481944351856129,0.887792227103396,0.838841277238046,"NA",1
"GO:0005267","MF","GO:0005267","potassium channel activity","1/620","23/22005",0.481944351856129,0.887792227103396,0.838841277238046,"SKOR",1
"GO:0005381","MF","GO:0005381","iron ion transmembrane transporter activity","1/620","23/22005",0.481944351856129,0.887792227103396,0.838841277238046,"AtVTL5",1
"GO:0016864","MF","GO:0016864","intramolecular oxidoreductase activity, transposing S-S bonds","1/620","23/22005",0.481944351856129,0.887792227103396,0.838841277238046,"LQY1",1
"GO:0016860","MF","GO:0016860","intramolecular oxidoreductase activity","2/620","58/22005",0.489185577475293,0.897196255631541,0.847726787902484,"NA/LQY1",2
"GO:0004620","MF","GO:0004620","phospholipase activity","2/620","59/22005",0.498229038235582,0.90587097861015,0.85592320535345,"NA/NA",2
"GO:0031625","MF","GO:0031625","ubiquitin protein ligase binding","2/620","59/22005",0.498229038235582,0.90587097861015,0.85592320535345,"ARK2/CBRLK1",2
"GO:0015079","MF","GO:0015079","potassium ion transmembrane transporter activity","2/620","60/22005",0.507169365853711,0.909802433126555,0.859637887941633,"KT12/SKOR",2
"GO:0032182","MF","GO:0032182","ubiquitin-like protein binding","2/620","60/22005",0.507169365853711,0.909802433126555,0.859637887941633,"CHS3/NRG1.1",2
"GO:0005546","MF","GO:0005546","phosphatidylinositol-4,5-bisphosphate binding","1/620","25/22005",0.510756286473374,0.909802433126555,0.859637887941633,"PICALM2b",1
"GO:0032451","MF","GO:0032451","demethylase activity","1/620","25/22005",0.510756286473374,0.909802433126555,0.859637887941633,"DML3",1
"GO:0004180","MF","GO:0004180","carboxypeptidase activity","2/620","61/22005",0.516005185778492,0.909802433126555,0.859637887941633,"scpl4/scpl6",2
"GO:0022843","MF","GO:0022843","voltage-gated cation channel activity","1/620","26/22005",0.524556609602878,0.909802433126555,0.859637887941633,"SKOR",1
"GO:0031491","MF","GO:0031491","nucleosome binding","1/620","26/22005",0.524556609602878,0.909802433126555,0.859637887941633,"HON4",1
"GO:0101005","MF","GO:0101005","ubiquitinyl hydrolase activity","2/620","62/22005",0.524735282417413,0.909802433126555,0.859637887941633,"AMSH2/OTU3",2
"GO:0140101","MF","GO:0140101","catalytic activity, acting on a tRNA","4/620","136/22005",0.535942039786341,0.909802433126555,0.859637887941633,"EMB2247/PRORP2/EMB2761/LIP2",4
"GO:0008135","MF","GO:0008135","translation factor activity, RNA binding","3/620","100/22005",0.537922746245019,0.909802433126555,0.859637887941633,"emb2726/APG3/ATPRFB",3
"GO:0015112","MF","GO:0015112","nitrate transmembrane transporter activity","1/620","27/22005",0.537968270827057,0.909802433126555,0.859637887941633,"ATNRT2.6",1
"GO:0015295","MF","GO:0015295","solute:proton symporter activity","1/620","27/22005",0.537968270827057,0.909802433126555,0.859637887941633,"ATUPS2",1
"GO:0015925","MF","GO:0015925","galactosidase activity","1/620","27/22005",0.537968270827057,0.909802433126555,0.859637887941633,"BGAL2",1
"GO:0046933","MF","GO:0046933","proton-transporting ATP synthase activity, rotational mechanism","1/620","27/22005",0.537968270827057,0.909802433126555,0.859637887941633,"ATPD",1
"GO:0016796","MF","GO:0016796","exonuclease activity, active with either ribo- or deoxyribonucleic acids and producing 5'-phosphomonoesters","2/620","64/22005",0.541874191536322,0.909802433126555,0.859637887941633,"CCR4c/APE2",2
"GO:0030247","MF","GO:0030247","polysaccharide binding","2/620","64/22005",0.541874191536322,0.909802433126555,0.859637887941633,"WAKL7/RNE",2
"GO:0080043","MF","GO:0080043","quercetin 3-O-glucosyltransferase activity","2/620","64/22005",0.541874191536322,0.909802433126555,0.859637887941633,"AtUGT85A5/UGT88A1",2
"GO:0004866","MF","GO:0004866","endopeptidase inhibitor activity","1/620","28/22005",0.551002198940954,0.909802433126555,0.859637887941633,"ATTI2",1
"GO:0005384","MF","GO:0005384","manganese ion transmembrane transporter activity","1/620","28/22005",0.551002198940954,0.909802433126555,0.859637887941633,"AtVTL5",1
"GO:0008375","MF","GO:0008375","acetylglucosaminyltransferase activity","1/620","28/22005",0.551002198940954,0.909802433126555,0.859637887941633,"NA",1
"GO:0015114","MF","GO:0015114","phosphate ion transmembrane transporter activity","1/620","28/22005",0.551002198940954,0.909802433126555,0.859637887941633,"ATPPT2",1
"GO:0016702","MF","GO:0016702","oxidoreductase activity, acting on single donors with incorporation of molecular oxygen, incorporation of two atoms of oxygen","1/620","28/22005",0.551002198940954,0.909802433126555,0.859637887941633,"CCD4",1
"GO:0016866","MF","GO:0016866","intramolecular transferase activity","2/620","66/22005",0.558579257498561,0.909802433126555,0.859637887941633,"NA/NA",2
"GO:0015399","MF","GO:0015399","primary active transmembrane transporter activity","6/620","214/22005",0.562202171851981,0.909802433126555,0.859637887941633,"ABCD2/ABCG7/ABCB14/SECE1/ALB3/ABCB29",6
"GO:0015252","MF","GO:0015252","proton channel activity","1/620","29/22005",0.563669015915819,0.909802433126555,0.859637887941633,"ATPD",1
"GO:0061135","MF","GO:0061135","endopeptidase regulator activity","1/620","29/22005",0.563669015915819,0.909802433126555,0.859637887941633,"ATTI2",1
"GO:0008242","MF","GO:0008242","omega peptidase activity","2/620","67/22005",0.566767535874048,0.909802433126555,0.859637887941633,"AMSH2/OTU3",2
"GO:0044389","MF","GO:0044389","ubiquitin-like protein ligase binding","2/620","67/22005",0.566767535874048,0.909802433126555,0.859637887941633,"ARK2/CBRLK1",2
"GO:0016791","MF","GO:0016791","phosphatase activity","9/620","327/22005",0.575495408243231,0.909802433126555,0.859637887941633,"ATPGLP1/cfbp1/PPH1/NA/PP1-AT/NA/AtTLP18.3/NA/APE2",9
"GO:0003680","MF","GO:0003680","minor groove of adenine-thymine-rich DNA binding","1/620","30/22005",0.575979045499555,0.909802433126555,0.859637887941633,"AHL9",1
"GO:0010181","MF","GO:0010181","FMN binding","1/620","30/22005",0.575979045499555,0.909802433126555,0.859637887941633,"AtPHOT2",1
"GO:0016405","MF","GO:0016405","CoA-ligase activity","1/620","30/22005",0.575979045499555,0.909802433126555,0.859637887941633,"AAE14",1
"GO:0048029","MF","GO:0048029","monosaccharide binding","1/620","30/22005",0.575979045499555,0.909802433126555,0.859637887941633,"NA",1
"GO:0016881","MF","GO:0016881","acid-amino acid ligase activity","1/620","31/22005",0.587942321576474,0.909802433126555,0.859637887941633,"DFL2",1
"GO:0030414","MF","GO:0030414","peptidase inhibitor activity","1/620","31/22005",0.587942321576474,0.909802433126555,0.859637887941633,"ATTI2",1
"GO:0070566","MF","GO:0070566","adenylyltransferase activity","1/620","31/22005",0.587942321576474,0.909802433126555,0.859637887941633,"ADG2",1
"GO:1902936","MF","GO:1902936","phosphatidylinositol bisphosphate binding","1/620","31/22005",0.587942321576474,0.909802433126555,0.859637887941633,"PICALM2b",1
"GO:0016746","MF","GO:0016746","transferase activity, transferring acyl groups","11/620","404/22005",0.588674546127664,0.909802433126555,0.859637887941633,"scpl4/NA/LIP2/NA/NA/ACT1/scpl6/ATNSI/AtNAA70/NA/NA",11
"GO:0005319","MF","GO:0005319","lipid transporter activity","2/620","70/22005",0.590670674974931,0.909802433126555,0.859637887941633,"LTP5/ABCD2",2
"GO:0005198","MF","GO:0005198","structural molecule activity","12/620","442/22005",0.593056464235843,0.909802433126555,0.859637887941633,"SSR16/RPL32/RPS9/ATCNFU3/NA/RPL27/EMB3126/EMB2394/PRPL29/PRPL34/PRPL3/GHS1",12
"GO:0004888","MF","GO:0004888","transmembrane signaling receptor activity","3/620","109/22005",0.596477382136843,0.909802433126555,0.859637887941633,"ARK2/LecRK-I.3/LecRK-V.9",3
"GO:0043175","MF","GO:0043175","RNA polymerase core enzyme binding","1/620","32/22005",0.599568596293074,0.909802433126555,0.859637887941633,"NA",1
"GO:0000978","MF","GO:0000978","RNA polymerase II cis-regulatory region sequence-specific DNA binding","3/620","110/22005",0.602677286207141,0.909802433126555,0.859637887941633,"NF-YC12/BLH2/NF-YC4",3
"GO:0022804","MF","GO:0022804","active transmembrane transporter activity","13/620","482/22005",0.603245303520436,0.909802433126555,0.859637887941633,"AST91/ATGRXCP/HCF106/ABCD2/ABCG7/ATPPT2/ABCB14/SECE1/APE2/ALB3/ABCB29/ANTR1/ATUPS2",13
"GO:0008276","MF","GO:0008276","protein methyltransferase activity","2/620","72/22005",0.606052903833792,0.909802433126555,0.859637887941633,"NA/NA",2
"GO:0090079","MF","GO:0090079","translation regulator activity, nucleic acid binding","3/620","111/22005",0.608814054904907,0.909802433126555,0.859637887941633,"emb2726/APG3/ATPRFB",3
"GO:0000156","MF","GO:0000156","phosphorelay response regulator activity","1/620","33/22005",0.610867347956402,0.909802433126555,0.859637887941633,"APRR5",1
"GO:0005337","MF","GO:0005337","nucleoside transmembrane transporter activity","1/620","33/22005",0.610867347956402,0.909802433126555,0.859637887941633,"ATENT4",1
"GO:0015205","MF","GO:0015205","nucleobase transmembrane transporter activity","1/620","33/22005",0.610867347956402,0.909802433126555,0.859637887941633,"ATUPS2",1
"GO:0061134","MF","GO:0061134","peptidase regulator activity","1/620","33/22005",0.610867347956402,0.909802433126555,0.859637887941633,"ATTI2",1
"GO:1901682","MF","GO:1901682","sulfur compound transmembrane transporter activity","1/620","33/22005",0.610867347956402,0.909802433126555,0.859637887941633,"AST91",1
"GO:0015291","MF","GO:0015291","secondary active transmembrane transporter activity","7/620","265/22005",0.621353772000883,0.913203046359278,0.862850998690346,"AST91/ATGRXCP/HCF106/ATPPT2/APE2/ANTR1/ATUPS2",7
"GO:0015294","MF","GO:0015294","solute:cation symporter activity","1/620","34/22005",0.621847788711318,0.913203046359278,0.862850998690346,"ATUPS2",1
"GO:0016782","MF","GO:0016782","transferase activity, transferring sulfur-containing groups","1/620","34/22005",0.621847788711318,0.913203046359278,0.862850998690346,"NA",1
"GO:0016878","MF","GO:0016878","acid-thiol ligase activity","1/620","34/22005",0.621847788711318,0.913203046359278,0.862850998690346,"AAE14",1
"GO:0052689","MF","GO:0052689","carboxylic ester hydrolase activity","6/620","229/22005",0.628132583294143,0.919159598108793,0.868479119015075,"EMB2247/NA/NA/CLD1/ATMES3/MAGL15",6
"GO:0045182","MF","GO:0045182","translation regulator activity","3/620","115/22005",0.63272284952278,0.919159598108793,0.868479119015075,"emb2726/APG3/ATPRFB",3
"GO:0016829","MF","GO:0016829","lyase activity","9/620","344/22005",0.63597386168361,0.919159598108793,0.868479119015075,"AtFBA5/ATFC-II/RBCS1A/RBCS3B/NA/BETA/ATBCA1/RBCS2B/DHNS",9
"GO:0008757","MF","GO:0008757","S-adenosylmethionine-dependent methyltransferase activity","5/620","193/22005",0.636973598828647,0.919159598108793,0.868479119015075,"IGMT4/CHLM/APG1/NA/NA",5
"GO:0015293","MF","GO:0015293","symporter activity","1/620","36/22005",0.642889299829839,0.919159598108793,0.868479119015075,"ATUPS2",1
"GO:0070063","MF","GO:0070063","RNA polymerase binding","1/620","36/22005",0.642889299829839,0.919159598108793,0.868479119015075,"NA",1
"GO:0080030","MF","GO:0080030","methyl indole-3-acetate esterase activity","1/620","36/22005",0.642889299829839,0.919159598108793,0.868479119015075,"ATMES3",1
"GO:0016765","MF","GO:0016765","transferase activity, transferring alkyl or aryl (other than methyl) groups","4/620","156/22005",0.644087332159992,0.919159598108793,0.868479119015075,"ATHST/PSY/ATG4/ATGSTU18",4
"GO:0000981","MF","GO:0000981","DNA-binding transcription factor activity, RNA polymerase II-specific","7/620","272/22005",0.648363534980586,0.919159598108793,0.868479119015075,"NF-YC12/BLH2/AGL87/HAT9/NF-YC4/AGL20/AKS2",7
"GO:0008408","MF","GO:0008408","3'-5' exonuclease activity","2/620","78/22005",0.64955245947879,0.919159598108793,0.868479119015075,"CCR4c/APE2",2
"GO:0016298","MF","GO:0016298","lipase activity","3/620","118/22005",0.649977144376932,0.919159598108793,0.868479119015075,"NA/NA/MAGL15",3
"GO:0004722","MF","GO:0004722","protein serine/threonine phosphatase activity","3/620","120/22005",0.661155111218763,0.91973165833688,0.869019637075198,"PPH1/PP1-AT/NA",3
"GO:0004713","MF","GO:0004713","protein tyrosine kinase activity","1/620","38/22005",0.662761781958509,0.91973165833688,0.869019637075198,"NA",1
"GO:0008378","MF","GO:0008378","galactosyltransferase activity","1/620","38/22005",0.662761781958509,0.91973165833688,0.869019637075198,"EMB2797",1
"GO:0031490","MF","GO:0031490","chromatin DNA binding","1/620","38/22005",0.662761781958509,0.91973165833688,0.869019637075198,"HON4",1
"GO:0008514","MF","GO:0008514","organic anion transmembrane transporter activity","5/620","200/22005",0.667761334243987,0.91973165833688,0.869019637075198,"NA/ATPPT2/NA/APE2/ANTR1",5
"GO:0016705","MF","GO:0016705","oxidoreductase activity, acting on paired donors, with incorporation or reduction of molecular oxygen","10/620","392/22005",0.669455159107844,0.91973165833688,0.869019637075198,"CYP71B4/CYP72A14/CYP71B12/PDE181/CYP71B35/ACSF/CYP97B3/CYP71A22/ABA1/NA",10
"GO:0043021","MF","GO:0043021","ribonucleoprotein complex binding","2/620","81/22005",0.669831050470951,0.91973165833688,0.869019637075198,"emb2726/NA",2
"GO:0005342","MF","GO:0005342","organic acid transmembrane transporter activity","3/620","122/22005",0.672072590499557,0.91973165833688,0.869019637075198,"ATPPT2/NA/APE2",3
"GO:0046943","MF","GO:0046943","carboxylic acid transmembrane transporter activity","3/620","122/22005",0.672072590499557,0.91973165833688,0.869019637075198,"ATPPT2/NA/APE2",3
"GO:1901981","MF","GO:1901981","phosphatidylinositol phosphate binding","1/620","39/22005",0.672280045498625,0.91973165833688,0.869019637075198,"PICALM2b",1
"GO:0008168","MF","GO:0008168","methyltransferase activity","6/620","242/22005",0.680344747135051,0.924338421856576,0.873372393583782,"IGMT4/CHLM/APG1/NA/NA/NA",6
"GO:0003774","MF","GO:0003774","motor activity","2/620","84/22005",0.689149611645028,0.924338421856576,0.873372393583782,"ATM2/NA",2
"GO:0000175","MF","GO:0000175","3'-5'-exoribonuclease activity","1/620","41/22005",0.690519447680975,0.924338421856576,0.873372393583782,"CCR4c",1
"GO:0000217","MF","GO:0000217","DNA secondary structure binding","1/620","41/22005",0.690519447680975,0.924338421856576,0.873372393583782,"AHL9",1
"GO:0008170","MF","GO:0008170","N-methyltransferase activity","2/620","85/22005",0.695379254261576,0.924338421856576,0.873372393583782,"NA/NA",2
"GO:0030674","MF","GO:0030674","protein-macromolecule adaptor activity","2/620","85/22005",0.695379254261576,0.924338421856576,0.873372393583782,"AtClpS1/LIL3:2",2
"GO:0030234","MF","GO:0030234","enzyme regulator activity","12/620","479/22005",0.701073247237632,0.924338421856576,0.873372393583782,"Fes1C/NA/ATHM1/Aty2/ATF1/ATTI2/PMEI13/ATF2/ATHM2/Fes1B/ATCCS/NTRC",12
"GO:0035091","MF","GO:0035091","phosphatidylinositol binding","2/620","86/22005",0.701505333400276,0.924338421856576,0.873372393583782,"PICALM2b/FL6",2
"GO:0004857","MF","GO:0004857","enzyme inhibitor activity","5/620","209/22005",0.704756936134231,0.924338421856576,0.873372393583782,"NA/ATHM1/ATF1/ATTI2/PMEI13",5
"GO:0005516","MF","GO:0005516","calmodulin binding","4/620","169/22005",0.704822040702069,0.924338421856576,0.873372393583782,"NA/CBRLK1/NA/PSAN",4
"GO:0016836","MF","GO:0016836","hydro-lyase activity","2/620","88/22005",0.713450353478717,0.924338421856576,0.873372393583782,"BETA/ATBCA1",2
"GO:0000987","MF","GO:0000987","cis-regulatory region sequence-specific DNA binding","4/620","171/22005",0.713465865940474,0.924338421856576,0.873372393583782,"NF-YC12/BLH2/AGL87/NF-YC4",4
"GO:0005347","MF","GO:0005347","ATP transmembrane transporter activity","1/620","44/22005",0.715995794141682,0.924338421856576,0.873372393583782,"NA",1
"GO:0003993","MF","GO:0003993","acid phosphatase activity","1/620","45/22005",0.724013762705597,0.924338421856576,0.873372393583782,"AtTLP18.3",1
"GO:0102483","MF","GO:0102483","scopolin beta-glucosidase activity","1/620","45/22005",0.724013762705597,0.924338421856576,0.873372393583782,"BGLU46",1
"GO:0060090","MF","GO:0060090","molecular adaptor activity","2/620","90/22005",0.72499208786199,0.924338421856576,0.873372393583782,"AtClpS1/LIL3:2",2
"GO:0060589","MF","GO:0060589","nucleoside-triphosphatase regulator activity","2/620","91/22005",0.730614163910451,0.924338421856576,0.873372393583782,"Fes1C/Fes1B",2
"GO:0030276","MF","GO:0030276","clathrin binding","1/620","46/22005",0.731805723867825,0.924338421856576,0.873372393583782,"PICALM2b",1
"GO:0033293","MF","GO:0033293","monocarboxylic acid binding","1/620","46/22005",0.731805723867825,0.924338421856576,0.873372393583782,"DIR1-like",1
"GO:0030246","MF","GO:0030246","carbohydrate binding","4/620","176/22005",0.734259902656281,0.924338421856576,0.873372393583782,"WAKL7/NA/NDF5/RNE",4
"GO:0016741","MF","GO:0016741","transferase activity, transferring one-carbon groups","6/620","258/22005",0.737742736622682,0.924338421856576,0.873372393583782,"IGMT4/CHLM/APG1/NA/NA/NA",6
"GO:0020037","MF","GO:0020037","heme binding","9/620","377/22005",0.738618184490152,0.924338421856576,0.873372393583782,"CYP71B4/CYP72A14/CYP71B12/APX6/CYP71B35/CYP97B3/TAPX/APX4/CYP71A22",9
"GO:0000295","MF","GO:0000295","adenine nucleotide transmembrane transporter activity","1/620","47/22005",0.7393780382356,0.924338421856576,0.873372393583782,"NA",1
"GO:0004532","MF","GO:0004532","exoribonuclease activity","1/620","47/22005",0.7393780382356,0.924338421856576,0.873372393583782,"CCR4c",1
"GO:0005244","MF","GO:0005244","voltage-gated ion channel activity","1/620","47/22005",0.7393780382356,0.924338421856576,0.873372393583782,"SKOR",1
"GO:0005346","MF","GO:0005346","purine ribonucleotide transmembrane transporter activity","1/620","47/22005",0.7393780382356,0.924338421856576,0.873372393583782,"NA",1
"GO:0016896","MF","GO:0016896","exoribonuclease activity, producing 5'-phosphomonoesters","1/620","47/22005",0.7393780382356,0.924338421856576,0.873372393583782,"CCR4c",1
"GO:0022832","MF","GO:0022832","voltage-gated channel activity","1/620","47/22005",0.7393780382356,0.924338421856576,0.873372393583782,"SKOR",1
"GO:0004175","MF","GO:0004175","endopeptidase activity","8/620","338/22005",0.739470737485261,0.924338421856576,0.873372393583782,"NA/FTSH11/SPPA/NA/DEG5/CLPR4/NA/DEG1",8
"GO:0015216","MF","GO:0015216","purine nucleotide transmembrane transporter activity","1/620","48/22005",0.746736887688825,0.925827712764864,0.874779568201388,"NA",1
"GO:0061631","MF","GO:0061631","ubiquitin conjugating enzyme activity","1/620","48/22005",0.746736887688825,0.925827712764864,0.874779568201388,"UBC17",1
"GO:0004536","MF","GO:0004536","deoxyribonuclease activity","1/620","49/22005",0.753888280394246,0.925827712764864,0.874779568201388,"APE2",1
"GO:0005048","MF","GO:0005048","signal sequence binding","1/620","49/22005",0.753888280394246,0.925827712764864,0.874779568201388,"SCY1",1
"GO:0015215","MF","GO:0015215","nucleotide transmembrane transporter activity","1/620","49/22005",0.753888280394246,0.925827712764864,0.874779568201388,"NA",1
"GO:0061650","MF","GO:0061650","ubiquitin-like protein conjugating enzyme activity","1/620","49/22005",0.753888280394246,0.925827712764864,0.874779568201388,"UBC17",1
"GO:0016877","MF","GO:0016877","ligase activity, forming carbon-sulfur bonds","1/620","51/22005",0.767591888768612,0.937176143264003,0.885502270703081,"AAE14",1
"GO:0043022","MF","GO:0043022","ribosome binding","1/620","51/22005",0.767591888768612,0.937176143264003,0.885502270703081,"NA",1
"GO:0008483","MF","GO:0008483","transaminase activity","1/620","52/22005",0.774155295389886,0.938323561154377,0.88658642244411,"ATBCAT-1",1
"GO:0005543","MF","GO:0005543","phospholipid binding","3/620","144/22005",0.775294926196077,0.938323561154377,0.88658642244411,"PICALM2b/FL6/PDE320",3
"GO:0035251","MF","GO:0035251","UDP-glucosyltransferase activity","3/620","144/22005",0.775294926196077,0.938323561154377,0.88658642244411,"ATGSL06/AtUGT85A5/UGT88A1",3
"GO:0016769","MF","GO:0016769","transferase activity, transferring nitrogenous groups","1/620","53/22005",0.780533636248005,0.938323561154377,0.88658642244411,"ATBCAT-1",1
"GO:0050897","MF","GO:0050897","cobalt ion binding","1/620","53/22005",0.780533636248005,0.938323561154377,0.88658642244411,"ARGAH2",1
"GO:0016709","MF","GO:0016709","oxidoreductase activity, acting on paired donors, with incorporation or reduction of molecular oxygen, NAD(P)H as one donor, and incorporation of one atom of oxygen","3/620","146/22005",0.783206013988871,0.938323561154377,0.88658642244411,"CYP71B35/ACSF/ABA1",3
"GO:0004527","MF","GO:0004527","exonuclease activity","2/620","102/22005",0.786236224519233,0.938323561154377,0.88658642244411,"CCR4c/APE2",2
"GO:0042626","MF","GO:0042626","ATPase-coupled transmembrane transporter activity","4/620","190/22005",0.786404508396049,0.938323561154377,0.88658642244411,"ABCD2/ABCG7/ABCB14/ABCB29",4
"GO:0044877","MF","GO:0044877","protein-containing complex binding","5/620","233/22005",0.7889594574679,0.938705303502884,0.886947116342324,"ATM2/emb2726/HON4/NA/CBP1",5
"GO:0005216","MF","GO:0005216","ion channel activity","3/620","149/22005",0.794640131509345,0.94279337636702,0.890809781680116,"SKOR/ATPD/MSL3",3
"GO:0046873","MF","GO:0046873","metal ion transmembrane transporter activity","5/620","236/22005",0.798037077705294,0.943333368450511,0.891319999764017,"KT12/COPT2/SKOR/emb1513/AtVTL5",5
"GO:0005261","MF","GO:0005261","cation channel activity","2/620","106/22005",0.803813802078775,0.943333368450511,0.891319999764017,"SKOR/ATPD",2
"GO:0043621","MF","GO:0043621","protein self-association","2/620","106/22005",0.803813802078775,0.943333368450511,0.891319999764017,"ATHDA14/HCF107",2
"GO:0008194","MF","GO:0008194","UDP-glycosyltransferase activity","6/620","280/22005",0.804079395012578,0.943333368450511,0.891319999764017,"NA/ATGSL06/NA/AtUGT85A5/EMB2797/UGT88A1",6
"GO:0015297","MF","GO:0015297","antiporter activity","4/620","197/22005",0.809246405415013,0.946750669287759,0.89454887799871,"AST91/ATGRXCP/ATPPT2/APE2",4
"GO:0015932","MF","GO:0015932","nucleobase-containing compound transmembrane transporter activity","2/620","108/22005",0.812112037417098,0.947464043653281,0.895222918439316,"NA/ATENT4",2
"GO:0004364","MF","GO:0004364","glutathione transferase activity","1/620","59/22005",0.815199038086074,0.948431013839753,0.896136571973902,"ATGSTU18",1
"GO:0003678","MF","GO:0003678","DNA helicase activity","1/620","60/22005",0.820419879988317,0.951868369047219,0.899384398824064,"ATINO80",1
"GO:0050660","MF","GO:0050660","flavin adenine dinucleotide binding","3/620","157/22005",0.82269010452989,0.951872848216401,0.899388631021512,"CTF2A/ATCRY1/ABA1",3
"GO:0008094","MF","GO:0008094","DNA-dependent ATPase activity","2/620","112/22005",0.82777392622427,0.95250698360053,0.899987801547368,"ATINO80/NA",2
"GO:0008422","MF","GO:0008422","beta-glucosidase activity","2/620","112/22005",0.82777392622427,0.95250698360053,0.899987801547368,"BGLU46/NA",2
"GO:0016779","MF","GO:0016779","nucleotidyltransferase activity","3/620","160/22005",0.832334325657056,0.955137750753999,0.90247351387032,"UGP3/ADG2/NA",3
"GO:0042803","MF","GO:0042803","protein homodimerization activity","4/620","206/22005",0.835645826660572,0.956324924243707,0.903595229172625,"ATSULA/PDE320/HLH1/ATCRY1",4
"GO:0008509","MF","GO:0008509","anion transmembrane transporter activity","7/620","337/22005",0.840532053947983,0.959302887658024,0.906408994102945,"AST91/NA/ATPPT2/NA/APE2/ATNRT2.6/ANTR1",7
"GO:0003777","MF","GO:0003777","microtubule motor activity","1/620","65/22005",0.844396351374011,0.96110153814928,0.908108470882904,"NA",1
"GO:0000977","MF","GO:0000977","RNA polymerase II transcription regulatory region sequence-specific DNA binding","5/620","256/22005",0.850903014029893,0.965889907817716,0.912632820168619,"NF-YC12/BLH2/AGL87/NF-YC4/AGL20",5
"GO:0008374","MF","GO:0008374","O-acyltransferase activity","2/620","120/22005",0.855616669039642,0.966761766907741,0.913456606827615,"ACT1/NA",2
"GO:0019843","MF","GO:0019843","rRNA binding","1/620","68/22005",0.857219210024338,0.966761766907741,0.913456606827615,"NA",1
"GO:0016879","MF","GO:0016879","ligase activity, forming carbon-nitrogen bonds","1/620","73/22005",0.87628901311398,0.966761766907741,0.913456606827615,"DFL2",1
"GO:0015926","MF","GO:0015926","glucosidase activity","2/620","127/22005",0.876542415367362,0.966761766907741,0.913456606827615,"BGLU46/NA",2
"GO:0015077","MF","GO:0015077","monovalent inorganic cation transmembrane transporter activity","4/620","223/22005",0.877198035538627,0.966761766907741,0.913456606827615,"KT12/SKOR/ATPD/ATUPS2",4
"GO:0008289","MF","GO:0008289","lipid binding","5/620","269/22005",0.878699871241538,0.966761766907741,0.913456606827615,"PICALM2b/DIR1-like/FL6/PDE320/NA",5
"GO:0004721","MF","GO:0004721","phosphoprotein phosphatase activity","3/620","177/22005",0.878856986475756,0.966761766907741,0.913456606827615,"PPH1/PP1-AT/NA",3
"GO:0001883","MF","GO:0001883","purine nucleoside binding","2/620","128/22005",0.879292845139897,0.966761766907741,0.913456606827615,"FZL/PDE318",2
"GO:0005525","MF","GO:0005525","GTP binding","2/620","128/22005",0.879292845139897,0.966761766907741,0.913456606827615,"FZL/PDE318",2
"GO:0019001","MF","GO:0019001","guanyl nucleotide binding","2/620","128/22005",0.879292845139897,0.966761766907741,0.913456606827615,"FZL/PDE318",2
"GO:0032550","MF","GO:0032550","purine ribonucleoside binding","2/620","128/22005",0.879292845139897,0.966761766907741,0.913456606827615,"FZL/PDE318",2
"GO:0032561","MF","GO:0032561","guanyl ribonucleotide binding","2/620","128/22005",0.879292845139897,0.966761766907741,0.913456606827615,"FZL/PDE318",2
"GO:0051015","MF","GO:0051015","actin filament binding","1/620","75/22005",0.883184724949638,0.968505442503519,0.91510413990934,"ATM2",1
"GO:0051287","MF","GO:0051287","NAD binding","1/620","77/22005",0.889696651711703,0.969730336744163,0.916261496121678,"GAPA-2",1
"GO:0015171","MF","GO:0015171","amino acid transmembrane transporter activity","1/620","78/22005",0.892815407454987,0.969730336744163,0.916261496121678,"NA",1
"GO:0001882","MF","GO:0001882","nucleoside binding","2/620","134/22005",0.894640425291106,0.969730336744163,0.916261496121678,"FZL/PDE318",2
"GO:0032549","MF","GO:0032549","ribonucleoside binding","2/620","134/22005",0.894640425291106,0.969730336744163,0.916261496121678,"FZL/PDE318",2
"GO:0000149","MF","GO:0000149","SNARE binding","1/620","79/22005",0.895846120611275,0.969730336744163,0.916261496121678,"PICALM2b",1
"GO:0008134","MF","GO:0008134","transcription factor binding","3/620","188/22005",0.902487432452838,0.971494519847884,0.917928405971559,"AGL87/HAF2/AGL20",3
"GO:0015267","MF","GO:0015267","channel activity","3/620","189/22005",0.904415136334577,0.971494519847884,0.917928405971559,"SKOR/ATPD/MSL3",3
"GO:0022803","MF","GO:0022803","passive transmembrane transporter activity","3/620","189/22005",0.904415136334577,0.971494519847884,0.917928405971559,"SKOR/ATPD/MSL3",3
"GO:0046527","MF","GO:0046527","glucosyltransferase activity","3/620","192/22005",0.909993371396104,0.974992897924397,0.921233891021298,"ATGSL06/AtUGT85A5/UGT88A1",3
"GO:0022890","MF","GO:0022890","inorganic cation transmembrane transporter activity","7/620","385/22005",0.919758854111392,0.980404705238175,0.926347302944341,"KT12/COPT2/SKOR/ATPD/ATUPS2/emb1513/AtVTL5",7
"GO:0140097","MF","GO:0140097","catalytic activity, acting on DNA","3/620","198/22005",0.920272908559137,0.980404705238175,0.926347302944341,"ATINO80/DML3/APE2",3
"GO:0030599","MF","GO:0030599","pectinesterase activity","1/620","91/22005",0.926184502611761,0.980404705238175,0.926347302944341,"NA",1
"GO:0046910","MF","GO:0046910","pectinesterase inhibitor activity","1/620","91/22005",0.926184502611761,0.980404705238175,0.926347302944341,"NA",1
"GO:0022836","MF","GO:0022836","gated channel activity","1/620","93/22005",0.930302346299102,0.980404705238175,0.926347302944341,"SKOR",1
"GO:0042277","MF","GO:0042277","peptide binding","1/620","93/22005",0.930302346299102,0.980404705238175,0.926347302944341,"SCY1",1
"GO:0031406","MF","GO:0031406","carboxylic acid binding","1/620","96/22005",0.936053063810734,0.980404705238175,0.926347302944341,"DIR1-like",1
"GO:0042393","MF","GO:0042393","histone binding","1/620","96/22005",0.936053063810734,0.980404705238175,0.926347302944341,"ATINO80",1
"GO:0043177","MF","GO:0043177","organic acid binding","1/620","96/22005",0.936053063810734,0.980404705238175,0.926347302944341,"DIR1-like",1
"GO:0022853","MF","GO:0022853","active ion transmembrane transporter activity","3/620","219/22005",0.94835945488105,0.988769261711732,0.934250655802814,"AST91/ATPPT2/ATUPS2",3
"GO:0016835","MF","GO:0016835","carbon-oxygen lyase activity","2/620","165/22005",0.948808925563743,0.988769261711732,0.934250655802814,"BETA/ATBCA1",2
"GO:0008324","MF","GO:0008324","cation transmembrane transporter activity","7/620","417/22005",0.95123939316355,0.988769261711732,0.934250655802814,"KT12/COPT2/SKOR/ATPD/ATUPS2/emb1513/AtVTL5",7
"GO:0015078","MF","GO:0015078","proton transmembrane transporter activity","2/620","169/22005",0.953456073793456,0.988769261711732,0.934250655802814,"ATPD/ATUPS2",2
"GO:0015631","MF","GO:0015631","tubulin binding","2/620","174/22005",0.958699929748223,0.989783277895488,0.935208761319797,"ATHDA14/NA",2
"GO:0033218","MF","GO:0033218","amide binding","1/620","114/22005",0.961865321751377,0.989783277895488,0.935208761319797,"SCY1",1
"GO:0051213","MF","GO:0051213","dioxygenase activity","1/620","115/22005",0.962945377505529,0.989783277895488,0.935208761319797,"CCD4",1
"GO:0003779","MF","GO:0003779","actin binding","1/620","117/22005",0.965014726656786,0.989783277895488,0.935208761319797,"ATM2",1
"GO:0004553","MF","GO:0004553","hydrolase activity, hydrolyzing O-glycosyl compounds","6/620","394/22005",0.967620076826077,0.989783277895488,0.935208761319797,"BGAL2/BGLU46/NA/NA/ATBXL2/ATLDA",6
"GO:0140098","MF","GO:0140098","catalytic activity, acting on RNA","8/620","491/22005",0.968573636226298,0.989783277895488,0.935208761319797,"EMB2247/PRORP2/NA/EMB2761/LIP2/RNE/CCR4c/RTL1",8
"GO:0016758","MF","GO:0016758","transferase activity, transferring hexosyl groups","5/620","354/22005",0.972750446750827,0.991638804940163,0.93696197860261,"NA/ATGSL06/AtUGT85A5/EMB2797/UGT88A1",5
"GO:0004386","MF","GO:0004386","helicase activity","1/620","147/22005",0.985234417747241,0.997564876990283,0.942561299812874,"ATINO80",1
"GO:0019899","MF","GO:0019899","enzyme binding","7/620","499/22005",0.98794687444304,0.997564876990283,0.942561299812874,"ARK2/CBRLK1/ATHDA14/LIL3:2/GUN4/CLPR4/NA",7
"GO:0003712","MF","GO:0003712","transcription coregulator activity","1/620","161/22005",0.990131696449275,0.997564876990283,0.942561299812874,"HLH1",1
"GO:0008017","MF","GO:0008017","microtubule binding","1/620","162/22005",0.990411789298636,0.997564876990283,0.942561299812874,"NA",1
"GO:0003682","MF","GO:0003682","chromatin binding","1/620","171/22005",0.992601101867696,0.997564876990283,0.942561299812874,"HON4",1
"GO:0008092","MF","GO:0008092","cytoskeletal protein binding","3/620","308/22005",0.992814568052234,0.997564876990283,0.942561299812874,"ATM2/ATHDA14/NA",3
"GO:0004842","MF","GO:0004842","ubiquitin-protein transferase activity","2/620","473/22005",0.999982581756129,0.999985603253742,0.944848552447772,"UBC17/NA",2
"GO:0019787","MF","GO:0019787","ubiquitin-like protein transferase activity","2/620","480/22005",0.999985603253742,0.999985603253742,0.944848552447772,"UBC17/NA",2
