gene,log2FoldChange
AT5G12020,-6.49
AT1G53540,-5.35
AT5G12030,-4.76
AT1G61800,-4.64
AT2G29500,-4.40
AT5G51440,-4.27
AT3G46230,-4.25
AT1G06000,-4.07
AT4G11190,-3.67
AT5G55450,-3.66
AT4G37160,-3.65
AT3G46940,-3.58
AT3G12580,-3.58
AT1G65060,-3.44
AT3G13650,-3.44
AT3G61820,-3.40
AT3G15460,-3.40
AT4G25630,-3.39
AT5G10130,-3.34
AT1G24020,-3.33
AT5G48570,-3.29
AT4G04940,-3.29
AT5G54970,-3.29
AT5G59720,-3.28
AT5G61030,-3.27
AT1G07370,-3.26
AT5G26220,-3.23
AT5G08640,-3.22
AT5G46280,-3.19
AT1G64390,-3.18
AT4G25250,-3.15
AT1G55210,-3.14
AT5G13930,-3.13
AT4G30650,-3.10
AT2G41810,-3.05
AT5G08020,-3.03
AT1G80130,-3.03
AT2G27550,-3.00
AT3G44990,-3.00
AT5G02760,-3.00
AT1G24280,-2.98
AT4G11460,-2.98
AT2G19670,-2.97
AT5G61000,-2.96
AT4G04610,-2.95
AT1G30530,-2.93
AT3G03060,-2.93
AT1G04020,-2.90
AT3G23810,-2.87
AT1G44900,-2.86
AT1G56110,-2.85
AT4G25340,-2.83
AT3G53650,-2.83
AT2G21790,-2.81
AT3G48490,-2.78
AT5G24330,-2.78
AT2G24490,-2.76
AT2G27840,-2.73
AT5G14580,-2.73
AT3G14740,-2.73
AT4G26600,-2.72
AT2G16660,-2.72
AT5G41880,-2.72
AT1G23100,-2.71
AT1G51380,-2.70
AT3G44750,-2.69
AT1G08090,-2.65
AT5G23420,-2.64
AT5G10390,-2.64
AT4G34950,-2.62
AT5G02890,-2.62
AT2G34260,-2.62
AT5G67100,-2.62
AT5G52220,-2.61
AT5G55730,-2.60
AT2G32220,-2.59
AT3G59670,-2.59
AT4G30800,-2.57
AT4G26780,-2.57
AT5G48880,-2.56
AT5G64770,-2.55
AT4G39800,-2.55
AT3G18130,-2.54
AT3G10530,-2.54
AT4G37400,-2.54
AT3G55510,-2.52
AT5G03760,-2.52
AT1G72970,-2.52
AT5G02490,-2.51
AT2G16440,-2.50
AT3G13470,-2.48
AT2G37560,-2.48
AT2G33790,-2.47
AT4G12510,-2.46
AT5G12110,-2.46
AT1G73620,-2.46
AT5G55920,-2.46
AT1G80270,-2.46
AT1G73600,-2.45
AT4G28310,-2.42
AT1G78570,-2.42
AT2G40550,-2.42
AT5G25610,-2.41
AT3G27060,-2.41
AT3G20440,-2.41
AT3G06530,-2.40
AT4G02060,-2.40
AT3G48460,-2.39
AT5G02050,-2.38
AT3G56870,-2.38
AT2G22470,-2.37
AT2G41090,-2.36
AT3G07770,-2.36
AT2G07690,-2.36
AT3G14210,-2.36
AT5G60730,-2.35
AT5G52640,-2.33
AT2G17630,-2.33
AT1G62180,-2.31
AT3G43960,-2.31
AT1G32900,-2.31
AT5G09590,-2.31
AT4G01630,-2.31
AT2G31270,-2.31
AT2G41230,-2.30
AT4G12620,-2.30
AT1G19450,-2.30
AT5G27120,-2.30
AT3G18600,-2.30
AT5G49560,-2.29
AT4G16660,-2.29
AT5G27330,-2.28
AT5G16930,-2.28
AT1G79110,-2.27
AT5G61420,-2.27
AT1G80720,-2.27
AT2G33210,-2.27
AT1G71850,-2.27
AT3G52170,-2.27
AT5G09840,-2.26
AT1G13420,-2.26
AT2G46650,-2.26
AT5G05270,-2.26
AT4G19030,-2.25
AT5G02590,-2.25
AT5G62440,-2.24
AT3G57940,-2.24
AT3G15680,-2.24
AT3G49320,-2.24
AT3G09440,-2.24
AT1G67320,-2.24
AT3G04770,-2.23
AT3G19440,-2.23
AT1G66940,-2.22
AT4G36360,-2.22
AT4G36580,-2.22
AT5G56030,-2.21
AT4G31320,-2.21
AT1G79470,-2.20
AT1G64220,-2.20
AT3G17998,-2.20
AT3G57490,-2.20
AT5G45670,-2.19
AT1G53035,-2.19
AT3G10520,-2.19
AT2G19490,-2.18
AT1G57590,-2.17
AT1G79150,-2.17
AT1G09200,-2.17
AT4G39330,-2.17
AT5G07030,-2.17
AT1G18320,-2.16
AT5G60520,-2.16
AT4G39210,-2.16
AT3G49240,-2.15
AT5G60760,-2.15
AT5G59240,-2.15
AT5G15490,-2.14
AT1G60850,-2.14
AT5G66750,-2.14
AT3G06035,-2.14
AT3G55010,-2.13
AT5G24660,-2.12
AT2G03090,-2.12
AT5G05990,-2.12
AT1G04520,-2.12
AT3G15357,-2.12
AT2G29570,-2.11
AT2G38750,-2.11
AT1G66620,-2.11
AT3G57150,-2.11
AT3G24090,-2.11
AT3G44320,-2.11
AT4G24780,-2.10
AT5G09420,-2.10
AT4G16630,-2.10
AT1G07400,-2.10
AT3G08770,-2.09
AT4G38100,-2.09
AT3G04290,-2.09
AT4G05410,-2.08
AT5G67280,-2.07
AT2G20710,-2.07
AT1G69770,-2.07
AT2G31060,-2.06
AT4G12400,-2.06
AT3G06680,-2.06
AT4G37910,-2.06
AT3G42660,-2.06
AT3G24495,-2.05
AT3G23000,-2.05
AT4G27670,-2.05
AT4G05390,-2.05
AT3G52370,-2.05
AT5G11240,-2.05
AT3G16870,-2.04
AT3G59550,-2.04
AT4G19120,-2.04
AT3G07390,-2.04
AT1G56580,-2.04
AT1G29980,-2.04
AT5G52860,-2.04
AT1G10270,-2.03
AT3G57660,-2.03
AT4G35150,-2.03
AT3G11964,-2.03
AT5G02220,-2.02
AT5G61790,-2.02
AT4G21200,-2.02
AT2G37400,-2.01
AT3G21560,-2.01
AT1G26840,-2.01
AT4G10250,-2.01
AT1G19050,-2.01
AT4G40000,-2.01
AT5G01790,-2.01
AT5G28540,-2.00
AT1G63250,-2.00
AT2G34357,-2.00
AT1G77030,-2.00
AT1G04945,-2.00
AT3G09480,-2.00
AT5G53420,-2.00
AT5G06550,-1.99
AT1G72440,-1.99
AT5G13490,-1.99
AT5G17700,-1.98
AT4G02400,-1.98
AT1G64170,-1.98
AT4G39950,-1.98
AT5G38890,-1.98
AT5G21100,-1.97
AT5G23020,-1.97
AT3G09540,-1.97
AT1G04980,-1.97
AT3G59820,-1.97
AT5G56000,-1.97
AT5G08260,-1.97
AT1G31660,-1.96
AT2G35860,-1.96
AT3G56070,-1.96
AT5G53250,-1.96
AT3G13940,-1.96
AT3G15650,-1.96
AT3G26960,-1.95
AT3G05060,-1.95
AT3G12860,-1.94
AT3G13860,-1.94
AT1G76790,-1.94
AT1G67630,-1.93
AT3G58660,-1.93
AT5G12080,-1.93
AT4G18970,-1.93
AT5G49330,-1.92
AT2G18520,-1.92
AT1G14980,-1.92
AT1G23410,-1.91
AT3G51660,-1.91
AT2G44510,-1.91
AT3G52040,-1.91
AT1G77510,-1.91
AT3G55605,-1.91
AT4G29690,-1.90
AT1G14060,-1.90
AT4G13750,-1.90
AT3G05740,-1.90
AT1G78090,-1.90
AT3G13672,-1.90
AT1G63810,-1.89
AT5G57760,-1.89
AT5G46740,-1.89
AT2G19385,-1.89
AT3G02820,-1.89
AT3G45930,-1.89
AT3G14900,-1.89
AT2G22500,-1.89
AT1G08580,-1.89
AT3G07050,-1.89
AT4G30020,-1.89
AT1G75780,-1.88
AT3G25230,-1.88
AT1G54050,-1.88
AT5G40480,-1.88
AT2G27775,-1.88
AT4G25730,-1.87
AT1G04680,-1.87
AT2G37040,-1.86
AT2G20570,-1.86
AT5G65860,-1.86
AT2G47990,-1.86
AT2G24970,-1.86
AT5G59320,-1.86
AT3G57010,-1.86
AT1G02370,-1.86
AT4G25790,-1.86
AT1G54000,-1.85
AT1G54010,-1.85
AT3G27360,-1.85
AT5G23300,-1.85
AT1G30070,-1.85
AT3G22310,-1.85
AT2G04050,-1.85
AT1G78210,-1.85
AT2G18220,-1.84
AT3G21540,-1.84
AT4G28450,-1.84
AT4G17760,-1.84
AT2G43650,-1.83
AT1G53645,-1.83
AT5G46690,-1.83
AT4G36640,-1.83
AT5G18820,-1.82
AT5G62210,-1.82
AT1G64600,-1.82
AT5G50335,-1.82
AT1G75150,-1.82
AT4G12880,-1.82
AT2G36880,-1.82
AT5G16690,-1.82
AT4G00600,-1.82
AT1G78060,-1.82
AT1G50110,-1.82
AT4G27510,-1.82
AT2G32990,-1.82
AT1G06720,-1.81
AT1G64640,-1.81
AT1G30690,-1.81
AT5G26860,-1.81
AT1G64670,-1.80
AT5G42860,-1.80
AT4G34588,-1.80
AT3G12340,-1.80
AT4G39940,-1.80
AT3G13610,-1.80
AT1G18250,-1.80
AT3G03110,-1.80
AT1G52930,-1.79
AT3G44450,-1.79
AT1G48630,-1.79
AT1G13160,-1.79
AT1G17745,-1.79
AT3G62600,-1.79
AT3G16810,-1.78
AT1G48570,-1.78
AT2G45310,-1.78
AT3G23990,-1.78
AT1G41830,-1.78
AT3G23740,-1.78
AT1G28395,-1.77
AT5G64080,-1.77
AT3G56990,-1.77
AT5G59870,-1.77
AT5G20160,-1.77
AT3G10610,-1.77
AT3G58990,-1.77
AT2G36010,-1.76
AT5G62220,-1.76
AT4G15640,-1.76
AT3G01800,-1.76
AT2G37990,-1.76
AT1G10640,-1.75
AT4G29700,-1.75
AT4G21990,-1.75
AT5G66310,-1.75
AT2G41800,-1.75
AT4G17770,-1.74
AT1G14960,-1.74
AT3G04710,-1.74
AT5G66540,-1.74
AT2G38360,-1.74
AT1G30960,-1.74
AT5G67060,-1.74
AT1G31320,-1.74
AT3G55120,-1.74
AT2G41950,-1.74
AT4G29030,-1.73
AT2G24390,-1.73
AT2G39230,-1.73
AT1G27050,-1.73
AT5G14700,-1.73
AT1G15440,-1.73
AT4G23750,-1.73
AT5G64710,-1.73
AT5G65360,-1.73
AT1G11545,-1.72
AT2G29680,-1.72
AT3G51240,-1.72
AT3G22660,-1.72
AT5G47630,-1.72
AT1G07790,-1.72
AT3G12610,-1.71
AT5G57280,-1.71
AT3G12700,-1.71
AT5G08600,-1.71
AT5G49910,-1.71
AT3G12270,-1.71
AT1G08130,-1.71
AT1G29510,-1.71
AT5G12940,-1.70
AT1G36280,-1.70
AT2G05140,-1.70
AT5G62360,-1.70
AT2G14860,-1.70
AT1G61640,-1.70
AT5G50740,-1.69
AT2G38090,-1.69
AT5G06000,-1.69
AT2G20750,-1.69
AT1G03110,-1.69
AT4G22380,-1.69
AT1G61570,-1.69
AT4G01560,-1.69
AT4G13890,-1.69
AT4G01950,-1.69
AT4G31790,-1.69
AT1G09210,-1.69
AT2G37510,-1.69
AT3G14890,-1.69
AT1G20950,-1.69
AT3G16780,-1.68
AT1G10490,-1.68
AT5G02190,-1.68
AT2G45280,-1.68
AT5G39850,-1.68
AT5G54910,-1.68
AT1G48920,-1.68
AT1G04040,-1.68
AT5G22580,-1.68
AT1G34245,-1.67
AT5G66590,-1.67
AT1G73780,-1.67
AT3G16360,-1.67
AT1G05650,-1.67
AT4G36680,-1.67
AT1G78650,-1.67
AT1G78370,-1.67
AT2G47000,-1.67
AT1G04770,-1.66
AT1G64880,-1.66
AT3G15720,-1.66
AT5G42650,-1.66
AT1G74310,-1.66
AT1G22410,-1.66
AT5G01500,-1.66
AT5G22650,-1.66
AT5G23220,-1.66
AT3G27640,-1.66
AT5G66690,-1.66
AT5G61770,-1.66
AT3G27400,-1.66
AT3G48250,-1.66
AT3G63110,-1.65
AT3G61100,-1.65
AT3G01160,-1.65
AT2G32920,-1.65
AT3G06740,-1.65
AT4G16265,-1.65
AT3G09720,-1.65
AT2G37860,-1.65
AT1G03530,-1.65
AT5G19730,-1.64
AT5G64850,-1.64
AT1G54690,-1.64
AT3G29375,-1.64
AT4G24830,-1.64
AT3G45230,-1.64
AT2G38940,-1.63
AT3G13150,-1.63
AT3G13560,-1.63
AT1G49560,-1.63
AT2G20560,-1.63
AT1G17560,-1.63
AT1G01300,-1.63
AT1G21880,-1.63
AT1G74030,-1.62
AT3G27200,-1.62
AT1G30240,-1.62
AT1G06350,-1.62
AT5G25580,-1.62
AT1G53500,-1.62
AT1G77670,-1.62
AT4G21830,-1.62
AT1G01940,-1.61
AT2G18900,-1.61
AT3G15080,-1.61
AT3G17830,-1.61
AT2G38810,-1.61
AT1G55900,-1.61
AT5G19750,-1.61
AT5G39840,-1.61
AT3G27550,-1.61
AT5G13610,-1.61
AT4G27380,-1.60
AT4G21140,-1.60
AT1G30510,-1.60
AT1G06080,-1.60
AT2G31725,-1.60
AT2G28600,-1.60
AT3G13230,-1.60
AT2G25620,-1.60
AT4G30610,-1.60
AT2G35605,-1.59
AT5G03160,-1.59
AT3G52900,-1.59
AT2G14460,-1.59
AT4G28250,-1.59
AT3G25760,-1.59
AT5G02540,-1.59
AT5G66420,-1.59
AT5G67510,-1.59
AT5G13520,-1.59
AT5G23070,-1.59
AT5G11790,-1.59
AT5G28300,-1.59
AT5G44780,-1.58
AT4G35630,-1.58
AT4G26760,-1.58
AT4G34740,-1.58
AT2G48130,-1.58
AT2G16570,-1.58
AT5G56500,-1.58
AT1G18090,-1.58
AT3G46970,-1.58
AT3G13160,-1.58
AT4G05400,-1.57
AT1G17180,-1.57
AT2G29540,-1.57
AT1G56150,-1.57
AT4G12600,-1.57
AT3G15020,-1.57
AT2G23630,-1.57
AT5G43080,-1.56
AT4G16146,-1.56
AT5G54370,-1.56
AT1G49620,-1.56
AT3G60540,-1.56
AT4G39980,-1.56
AT2G44940,-1.56
AT2G29750,-1.56
AT3G07320,-1.56
AT4G23680,-1.55
AT2G24050,-1.55
AT5G47455,-1.55
AT2G01120,-1.55
AT1G10850,-1.55
AT4G22560,-1.55
AT1G79920,-1.55
AT5G09870,-1.54
AT2G02740,-1.54
AT4G27010,-1.54
AT2G17670,-1.54
AT4G10450,-1.54
AT1G69200,-1.53
AT1G67120,-1.53
AT4G20020,-1.53
AT1G08610,-1.53
AT5G58900,-1.53
AT5G49480,-1.53
AT4G39840,-1.53
AT1G15000,-1.53
AT1G29310,-1.53
AT1G75670,-1.53
AT4G31810,-1.53
AT1G51680,-1.52
AT4G05440,-1.52
AT3G20330,-1.52
AT3G53940,-1.52
AT3G15010,-1.52
AT5G45650,-1.52
AT5G10400,-1.52
AT3G12770,-1.52
AT5G15740,-1.52
AT1G08650,-1.52
AT2G17250,-1.52
AT5G54670,-1.52
AT5G18060,-1.51
AT3G54960,-1.51
AT3G12170,-1.51
AT3G25110,-1.51
AT1G11700,-1.51
AT3G54750,-1.51
AT2G16430,-1.51
AT5G56320,-1.51
AT1G23280,-1.51
AT2G41820,-1.50
AT5G55200,-1.50
AT3G12280,-1.50
AT1G10370,-1.50
AT1G09780,-1.50
AT3G23820,-1.50
AT3G23620,-1.50
AT4G23540,-1.50
AT4G38710,-1.50
AT3G27080,-1.50
AT5G49080,-1.50
AT1G78850,-1.50
AT1G20140,-1.50
AT5G15948,-1.50
AT3G08640,-1.50
AT5G66280,-1.50
AT2G04160,-1.50
AT5G38690,-1.50
AT1G53070,-1.50
AT1G28400,-1.50
AT5G46230,-1.50
AT3G23830,-1.49
AT1G63660,-1.49
AT4G34200,-1.49
AT5G41140,-1.49
AT5G48900,-1.49
AT3G44590,-1.49
AT4G23620,-1.49
AT1G12000,-1.49
AT1G69070,-1.49
AT4G31210,-1.49
AT4G15770,-1.49
AT4G25240,-1.49
AT2G34570,-1.49
AT2G36070,-1.49
AT1G02970,-1.49
AT3G02920,-1.48
AT5G60890,-1.48
AT4G37090,-1.48
AT4G36020,-1.48
AT1G27880,-1.48
AT5G17270,-1.48
AT2G37600,-1.48
AT5G59850,-1.48
AT5G40830,-1.48
AT3G46560,-1.48
AT5G07900,-1.48
AT2G04780,-1.48
AT4G03070,-1.48
AT4G31500,-1.48
AT5G53460,-1.47
AT5G43140,-1.47
AT1G29250,-1.47
AT4G02930,-1.47
AT5G47060,-1.47
AT3G63090,-1.47
AT5G59980,-1.47
AT1G78770,-1.47
AT4G29510,-1.47
AT4G01990,-1.47
AT2G36910,-1.47
AT1G13730,-1.47
AT4G36220,-1.47
AT4G18040,-1.47
AT1G15870,-1.46
AT3G48610,-1.46
AT5G14640,-1.46
AT2G29760,-1.46
AT5G56350,-1.46
AT3G20240,-1.46
AT1G77200,-1.46
AT1G26560,-1.46
AT2G23050,-1.46
AT2G36620,-1.46
AT5G08180,-1.46
AT1G74560,-1.46
AT3G19710,-1.46
AT5G37600,-1.46
AT5G14760,-1.45
AT3G55690,-1.45
AT3G03250,-1.45
AT1G31010,-1.45
AT2G28790,-1.45
AT2G22870,-1.45
AT3G07750,-1.45
AT4G24190,-1.45
AT1G75710,-1.45
AT1G77550,-1.45
AT3G18080,-1.45
AT4G37450,-1.45
AT4G26320,-1.45
AT1G69440,-1.45
AT1G49410,-1.45
AT1G18850,-1.45
AT2G23180,-1.44
AT1G16280,-1.44
AT1G29940,-1.44
AT5G64630,-1.44
AT2G40360,-1.44
AT3G08970,-1.44
AT4G34290,-1.44
AT3G07090,-1.44
AT5G51890,-1.44
AT2G25810,-1.44
AT1G56170,-1.44
AT3G19360,-1.44
AT2G46530,-1.44
AT3G25940,-1.44
AT5G08610,-1.44
AT1G80280,-1.44
AT1G09300,-1.43
AT1G04820,-1.43
AT4G39510,-1.43
AT5G19920,-1.43
AT1G63940,-1.43
AT2G34050,-1.43
AT2G31390,-1.43
AT5G13830,-1.43
AT1G31970,-1.43
AT2G18330,-1.43
AT5G63660,-1.43
AT3G22300,-1.43
AT1G67360,-1.42
AT1G70900,-1.42
AT4G39740,-1.42
AT4G30530,-1.42
AT1G32860,-1.42
AT1G74100,-1.42
AT1G63050,-1.42
AT3G55760,-1.42
AT3G22600,-1.41
AT1G08280,-1.41
AT4G13170,-1.41
AT3G21190,-1.41
AT4G23885,-1.41
AT3G07800,-1.41
AT3G06930,-1.41
AT5G14050,-1.41
AT4G30990,-1.41
AT1G09830,-1.41
AT2G43600,-1.41
AT5G42150,-1.41
AT4G10480,-1.41
AT3G23090,-1.41
AT2G37640,-1.41
AT3G50340,-1.40
AT3G25780,-1.40
AT2G45710,-1.40
AT5G63920,-1.40
AT2G13820,-1.40
AT2G44860,-1.40
AT4G30840,-1.40
AT3G61520,-1.40
AT1G48598,-1.40
AT5G59480,-1.40
AT2G21130,-1.40
AT1G61580,-1.40
AT3G27230,-1.40
AT2G19750,-1.40
AT1G72230,-1.40
AT4G39230,-1.39
AT5G66960,-1.39
AT2G38010,-1.39
AT4G32280,-1.39
AT5G50315,-1.39
AT4G11120,-1.39
AT5G38720,-1.39
AT1G73177,-1.39
AT4G14440,-1.39
AT1G31180,-1.39
AT4G21850,-1.39
AT3G10690,-1.38
AT1G51060,-1.38
AT3G07590,-1.38
AT5G04160,-1.38
AT5G45280,-1.38
AT3G29360,-1.38
AT5G61310,-1.38
AT4G00880,-1.38
AT1G21750,-1.38
AT5G50930,-1.37
AT2G15000,-1.37
AT5G41670,-1.37
AT1G06380,-1.37
AT2G45290,-1.37
AT1G68990,-1.37
AT5G22880,-1.37
AT1G53310,-1.37
AT2G16060,-1.37
AT4G02290,-1.37
AT1G15480,-1.37
AT3G10270,-1.37
AT3G51800,-1.37
AT3G27280,-1.36
AT1G24310,-1.36
AT5G07340,-1.36
AT5G52380,-1.36
AT3G15350,-1.36
AT5G25090,-1.36
AT3G18420,-1.36
AT1G68570,-1.36
AT1G28570,-1.36
AT3G58520,-1.36
AT2G46420,-1.36
AT1G04900,-1.36
AT4G22010,-1.36
AT2G37470,-1.35
AT4G02750,-1.35
AT1G31070,-1.35
AT1G52160,-1.35
AT5G43960,-1.35
AT1G50400,-1.35
AT5G15050,-1.35
AT3G52180,-1.35
AT5G20700,-1.35
AT4G10040,-1.35
AT3G55280,-1.35
AT1G67750,-1.35
AT5G13400,-1.35
AT3G17840,-1.35
AT3G16180,-1.35
AT4G38950,-1.34
AT2G20450,-1.34
AT3G49710,-1.34
AT1G48460,-1.34
AT1G31860,-1.34
AT3G13674,-1.34
AT3G18524,-1.34
AT4G20980,-1.34
AT3G11710,-1.34
AT2G15620,-1.33
AT4G34555,-1.33
AT1G10780,-1.33
AT1G33170,-1.33
AT5G60490,-1.33
AT5G40150,-1.33
AT2G15690,-1.33
AT2G47010,-1.32
AT2G40700,-1.32
AT3G06700,-1.32
AT2G47840,-1.32
AT1G47210,-1.32
AT3G15540,-1.32
AT4G08390,-1.32
AT1G12370,-1.32
AT5G45400,-1.32
AT3G49890,-1.31
AT2G37380,-1.31
AT1G05210,-1.31
AT3G11250,-1.31
AT4G36180,-1.31
AT3G60440,-1.31
AT1G62150,-1.31
AT1G77750,-1.31
AT5G64670,-1.31
AT3G29250,-1.31
AT3G62270,-1.31
AT5G48470,-1.31
AT1G15250,-1.31
AT3G23940,-1.31
AT1G68760,-1.31
AT3G25400,-1.30
AT1G10230,-1.30
AT5G27620,-1.30
AT1G66070,-1.30
AT5G55620,-1.30
AT4G25890,-1.30
AT5G60960,-1.30
AT1G20410,-1.30
AT5G26780,-1.30
AT1G61870,-1.30
AT1G70230,-1.30
AT1G69210,-1.30
AT2G40660,-1.30
AT4G30340,-1.30
AT5G27395,-1.30
AT2G32380,-1.30
AT2G40430,-1.30
AT3G17170,-1.30
AT3G15140,-1.30
AT5G61020,-1.30
AT4G33220,-1.29
AT4G17695,-1.29
AT5G18620,-1.29
AT2G21220,-1.29
AT5G39960,-1.29
AT2G20940,-1.29
AT4G30660,-1.29
AT3G03920,-1.29
AT1G42440,-1.29
AT5G55180,-1.29
AT5G49160,-1.29
AT5G07460,-1.29
AT1G05950,-1.29
AT1G18800,-1.28
AT5G65900,-1.28
AT5G52850,-1.28
AT1G80750,-1.28
AT5G57120,-1.28
AT1G18590,-1.28
AT1G64450,-1.28
AT3G09890,-1.28
AT1G68430,-1.28
AT5G60990,-1.28
AT5G07110,-1.27
AT3G59650,-1.27
AT3G03220,-1.27
AT4G34050,-1.27
AT2G14660,-1.27
AT4G30290,-1.27
AT1G24807,-1.27
AT1G56340,-1.27
AT3G02530,-1.27
AT1G55500,-1.27
AT4G38010,-1.27
AT2G47630,-1.27
AT2G31660,-1.26
AT3G60360,-1.26
AT1G47870,-1.26
AT1G48610,-1.26
AT5G14600,-1.26
AT4G37660,-1.26
AT4G25320,-1.26
AT1G56050,-1.26
AT5G15980,-1.26
AT1G24100,-1.26
AT1G06550,-1.26
AT4G18030,-1.26
AT1G16350,-1.26
AT5G45700,-1.25
AT3G07010,-1.25
AT2G40840,-1.25
AT5G61570,-1.25
AT3G51160,-1.25
AT1G63000,-1.25
AT1G62790,-1.24
AT3G02870,-1.24
AT5G14040,-1.24
AT2G35750,-1.24
AT3G14370,-1.24
AT1G60590,-1.24
AT2G16780,-1.24
AT5G10010,-1.24
AT3G02230,-1.24
AT3G53560,-1.24
AT3G12670,-1.24
AT5G26680,-1.24
AT5G03300,-1.24
AT3G57630,-1.24
AT1G26880,-1.24
AT1G04870,-1.24
AT3G05130,-1.24
AT3G16050,-1.24
AT3G04650,-1.24
AT1G67620,-1.24
AT5G02270,-1.24
AT5G14750,-1.24
AT2G42710,-1.24
AT4G38860,-1.24
AT3G17390,-1.24
AT1G66080,-1.24
AT2G22250,-1.23
AT4G34910,-1.23
AT1G64490,-1.23
AT2G35190,-1.23
AT3G45650,-1.23
AT5G41010,-1.23
AT3G02910,-1.23
AT5G67070,-1.23
AT2G37250,-1.23
AT3G06320,-1.23
AT3G18760,-1.23
AT4G31700,-1.23
AT3G47370,-1.23
AT1G59990,-1.23
AT4G10620,-1.23
AT5G63980,-1.23
AT1G34380,-1.22
AT2G20515,-1.22
AT5G23250,-1.22
AT5G10170,-1.22
AT3G50070,-1.22
AT1G33040,-1.22
AT1G03630,-1.22
AT3G20260,-1.22
AT5G54860,-1.22
AT4G38740,-1.22
AT1G31817,-1.22
AT1G62740,-1.22
AT5G50810,-1.22
AT3G10090,-1.22
AT1G04730,-1.21
AT3G49220,-1.21
AT2G32060,-1.21
AT5G10920,-1.21
AT1G60770,-1.21
AT2G04530,-1.21
AT3G17120,-1.21
AT2G21440,-1.21
AT2G39795,-1.21
AT1G09310,-1.21
AT2G35040,-1.21
AT5G47600,-1.20
AT3G21240,-1.20
AT3G24080,-1.20
AT2G37310,-1.20
AT4G32605,-1.20
AT4G27585,-1.20
AT1G08410,-1.20
AT1G18480,-1.20
AT3G56330,-1.20
AT4G38660,-1.20
AT2G20610,-1.20
AT5G15750,-1.20
AT4G02070,-1.20
AT5G23830,-1.20
AT5G61220,-1.20
AT2G41650,-1.20
AT1G27030,-1.19
AT5G40850,-1.19
AT1G69030,-1.19
AT4G22770,-1.19
AT3G54770,-1.19
AT1G26340,-1.19
AT4G11160,-1.19
AT3G17970,-1.19
AT3G53890,-1.19
AT3G22890,-1.19
AT3G01120,-1.19
AT3G03780,-1.19
AT5G45420,-1.19
AT1G08220,-1.19
AT1G71100,-1.19
AT1G23180,-1.18
AT5G54160,-1.18
AT1G18540,-1.18
AT4G30930,-1.18
AT1G04130,-1.18
AT1G50010,-1.18
AT5G63100,-1.18
AT3G20110,-1.18
AT3G14220,-1.18
AT1G80530,-1.18
AT5G48030,-1.18
AT3G08950,-1.18
AT2G30060,-1.18
AT4G30150,-1.18
AT1G01630,-1.18
AT2G25270,-1.18
AT1G20370,-1.17
AT1G77720,-1.17
AT4G35260,-1.17
AT1G03360,-1.17
AT5G02610,-1.17
AT3G21300,-1.17
AT1G54030,-1.17
AT3G09350,-1.17
AT5G16190,-1.17
AT1G28600,-1.17
AT3G53230,-1.17
AT5G61170,-1.17
AT3G21110,-1.17
AT5G07000,-1.17
AT3G60660,-1.17
AT1G27390,-1.17
AT4G38150,-1.17
AT4G23690,-1.17
AT5G55070,-1.17
AT4G16390,-1.17
AT5G10240,-1.17
AT2G25355,-1.16
AT4G23800,-1.16
AT1G76270,-1.16
AT5G67200,-1.16
AT5G36890,-1.16
AT1G28530,-1.16
AT1G31230,-1.16
AT5G60840,-1.16
AT3G14730,-1.16
AT5G25450,-1.16
AT2G26440,-1.16
AT5G60040,-1.16
AT3G04840,-1.16
AT5G16750,-1.16
AT3G21230,-1.16
AT1G69250,-1.16
AT4G04790,-1.16
AT3G07110,-1.16
AT2G01890,-1.16
AT4G20440,-1.16
AT4G17430,-1.16
AT3G13570,-1.16
AT4G15830,-1.16
AT2G45860,-1.16
AT4G32460,-1.15
AT5G01040,-1.15
AT5G08270,-1.15
AT4G25200,-1.15
AT3G09700,-1.15
AT5G56950,-1.15
AT5G59180,-1.15
AT2G27970,-1.15
AT4G16700,-1.15
AT5G02870,-1.15
AT4G15850,-1.15
AT5G16040,-1.15
AT2G43130,-1.15
AT5G61130,-1.15
AT5G03630,-1.14
AT5G15550,-1.14
AT2G37890,-1.14
AT5G12050,-1.14
AT2G44300,-1.14
AT1G50920,-1.14
AT2G15820,-1.14
AT3G18630,-1.14
AT3G53190,-1.14
AT5G24840,-1.14
AT2G28000,-1.14
AT2G18950,-1.14
AT2G23350,-1.14
AT5G22320,-1.14
AT5G23310,-1.14
AT5G45140,-1.14
AT2G43880,-1.13
AT1G71210,-1.13
AT4G39730,-1.13
AT2G47240,-1.13
AT4G30700,-1.13
AT5G06460,-1.13
AT2G47470,-1.13
AT4G24175,-1.13
AT2G20370,-1.13
AT1G66520,-1.13
AT2G24120,-1.13
AT4G08685,-1.13
AT4G39300,-1.13
AT1G73630,-1.13
AT4G17520,-1.13
AT4G22130,-1.13
AT5G01890,-1.13
AT1G20220,-1.13
AT1G43860,-1.12
AT3G08680,-1.12
AT5G15960,-1.12
AT3G09820,-1.12
AT5G46700,-1.12
AT1G55890,-1.12
AT1G65010,-1.12
AT5G15810,-1.12
AT1G55260,-1.12
AT4G23200,-1.12
AT3G03960,-1.12
AT5G52470,-1.12
AT5G40770,-1.12
AT3G29320,-1.12
AT5G27820,-1.12
AT5G15450,-1.12
AT4G14960,-1.12
AT1G64650,-1.12
AT1G11840,-1.12
AT5G05470,-1.12
AT5G38530,-1.12
AT2G28740,-1.12
AT5G11590,-1.11
AT5G19820,-1.11
AT5G53070,-1.11
AT5G36950,-1.11
AT2G32765,-1.11
AT5G20010,-1.11
AT2G18510,-1.11
AT1G26460,-1.11
AT4G31580,-1.11
AT3G59900,-1.11
AT2G38080,-1.11
AT5G24760,-1.11
AT1G27330,-1.11
AT5G47210,-1.11
AT3G18610,-1.11
AT1G26740,-1.11
AT3G46540,-1.11
AT4G39030,-1.10
AT1G29440,-1.10
AT1G17690,-1.10
AT4G19610,-1.10
AT4G13850,-1.10
AT4G13710,-1.10
AT2G35720,-1.10
AT5G40390,-1.10
AT4G36420,-1.10
AT3G23390,-1.10
AT1G48120,-1.10
AT5G53760,-1.10
AT5G39350,-1.10
AT2G38280,-1.10
AT2G37620,-1.10
AT2G25160,-1.10
AT4G39880,-1.10
AT5G67240,-1.10
AT2G42600,-1.10
AT5G18750,-1.10
AT5G48600,-1.10
AT3G52470,-1.10
AT5G09510,-1.10
AT5G19320,-1.09
AT5G39990,-1.09
AT1G12110,-1.09
AT5G15090,-1.09
AT3G26420,-1.09
AT1G64790,-1.09
AT3G56150,-1.09
AT1G17510,-1.09
AT5G21105,-1.09
AT2G40510,-1.09
AT3G09810,-1.09
AT3G57000,-1.09
AT3G56370,-1.09
AT5G66760,-1.09
AT2G35790,-1.09
AT3G23300,-1.09
AT5G20080,-1.08
AT5G53400,-1.08
AT3G56430,-1.08
AT3G12370,-1.08
AT5G52060,-1.08
AT1G76300,-1.08
AT5G10430,-1.08
AT1G60660,-1.08
AT1G27400,-1.08
AT5G65810,-1.08
AT4G11010,-1.08
AT5G11630,-1.08
AT4G00630,-1.07
AT5G25780,-1.07
AT4G19710,-1.07
AT3G49180,-1.07
AT4G11290,-1.07
AT2G36570,-1.07
AT4G39860,-1.07
AT4G39390,-1.07
AT4G11210,-1.07
AT1G28680,-1.07
AT4G22212,-1.07
AT5G55480,-1.07
AT5G22790,-1.07
AT1G69040,-1.07
AT3G13930,-1.07
AT2G25110,-1.07
AT2G29530,-1.06
AT1G15140,-1.06
AT4G11820,-1.06
AT1G30600,-1.06
AT3G27570,-1.06
AT5G08000,-1.06
AT4G30190,-1.06
AT3G49080,-1.06
AT3G16080,-1.06
AT5G50160,-1.06
AT2G11890,-1.05
AT1G61730,-1.05
AT5G58700,-1.05
AT1G71840,-1.05
AT3G52340,-1.05
AT3G43510,-1.05
AT3G54560,-1.05
AT1G68560,-1.05
AT5G13420,-1.05
AT3G04820,-1.05
AT2G01630,-1.05
AT5G04590,-1.05
AT2G19680,-1.05
AT4G38890,-1.04
AT2G30860,-1.04
AT5G11950,-1.04
AT1G74090,-1.04
AT4G35850,-1.04
AT2G04030,-1.04
AT1G58380,-1.04
AT3G19130,-1.04
AT5G50310,-1.04
AT4G34220,-1.04
AT3G02570,-1.04
AT1G48850,-1.04
AT3G03580,-1.04
AT3G05560,-1.04
AT3G55410,-1.04
AT4G27440,-1.04
AT1G04190,-1.03
AT3G19790,-1.03
AT1G24090,-1.03
AT3G49430,-1.03
AT4G36250,-1.03
AT4G31120,-1.03
AT5G62670,-1.02
AT5G62340,-1.02
AT4G34870,-1.02
AT5G52650,-1.02
AT4G27720,-1.02
AT5G48460,-1.02
AT5G08300,-1.02
AT1G77610,-1.01
AT4G09030,-1.01
AT5G19690,-1.01
AT1G60080,-1.01
AT1G50575,-1.01
AT1G68550,-1.01
AT5G02470,-1.01
AT4G30400,-1.00
AT4G28590,-1.00
AT1G15030,1.00
AT1G69490,1.00
AT1G22570,1.00
AT1G58150,1.00
AT2G22680,1.00
AT2G39660,1.01
AT1G03550,1.01
AT1G18810,1.02
AT5G03720,1.02
AT5G46190,1.02
AT1G67580,1.02
AT5G46780,1.02
AT1G53580,1.03
AT1G28070,1.03
AT5G38990,1.03
AT1G72680,1.03
AT2G35820,1.03
AT1G22430,1.03
AT5G24210,1.03
AT5G10460,1.04
AT4G23470,1.04
AT2G45050,1.04
AT3G50770,1.04
AT2G42400,1.04
AT1G57680,1.04
AT1G67030,1.04
AT1G28960,1.04
AT4G17790,1.04
AT5G11520,1.04
AT3G48880,1.04
AT5G64250,1.04
AT1G02305,1.05
AT1G73680,1.05
AT5G13770,1.05
AT1G10020,1.05
AT3G12570,1.05
AT4G34250,1.05
AT5G18640,1.05
AT1G71980,1.05
AT1G13570,1.05
AT1G71480,1.06
AT5G25560,1.06
AT5G44610,1.06
AT2G40140,1.06
AT1G21770,1.06
AT1G43700,1.06
AT5G02800,1.06
AT3G27770,1.06
AT1G13080,1.06
AT3G11230,1.06
AT3G26100,1.06
AT5G04810,1.06
AT5G53490,1.07
AT1G05570,1.07
AT3G19930,1.07
AT4G19840,1.07
AT4G19530,1.07
AT2G34770,1.07
AT5G44920,1.07
AT1G79380,1.07
AT3G10770,1.07
AT3G16190,1.07
AT4G11830,1.07
AT3G46590,1.07
AT3G14067,1.07
AT1G49500,1.07
AT3G59080,1.08
AT4G05150,1.08
AT1G75750,1.08
AT3G56930,1.08
AT5G53360,1.08
AT5G16400,1.08
AT5G64110,1.08
AT5G41050,1.08
AT1G74840,1.08
AT3G03310,1.08
AT2G45850,1.08
AT1G70820,1.08
AT3G11530,1.08
AT2G35800,1.08
AT4G16330,1.08
AT4G32760,1.08
AT5G20150,1.09
AT1G11400,1.09
AT1G48430,1.09
AT2G45670,1.09
AT1G33110,1.09
AT2G35680,1.09
AT1G01620,1.09
AT1G17430,1.09
AT4G33910,1.09
AT1G48300,1.09
AT2G45620,1.09
AT2G03310,1.09
AT3G55450,1.09
AT1G16240,1.09
AT4G02440,1.10
AT1G30270,1.10
AT5G05640,1.10
AT2G38465,1.10
AT2G28910,1.10
AT4G37260,1.10
AT2G42620,1.10
AT4G39660,1.10
AT4G17900,1.10
AT2G20120,1.10
AT4G38810,1.10
AT5G39590,1.10
AT3G57760,1.10
AT5G10860,1.10
AT4G23890,1.10
AT2G43520,1.11
AT1G14200,1.11
AT1G07280,1.11
AT1G15400,1.11
AT5G06530,1.11
AT5G24520,1.11
AT1G67310,1.11
AT1G63720,1.11
AT3G03180,1.11
AT5G58660,1.11
AT4G29070,1.11
AT3G02700,1.11
AT1G26580,1.11
AT5G01020,1.12
AT5G23130,1.12
AT1G69840,1.12
AT4G14010,1.12
AT1G22440,1.12
AT2G42040,1.12
AT3G51910,1.12
AT1G52740,1.12
AT3G57190,1.12
AT1G30820,1.12
AT1G36070,1.12
AT1G69850,1.12
AT2G21950,1.13
AT3G16720,1.13
AT3G52240,1.13
AT3G06380,1.13
AT1G34370,1.13
AT3G03020,1.13
AT1G13450,1.13
AT5G62860,1.13
AT1G73750,1.13
AT5G07080,1.13
AT2G42780,1.14
AT3G59090,1.14
AT1G30700,1.14
AT3G06500,1.14
AT3G11660,1.14
AT1G50020,1.14
AT5G54170,1.14
AT4G15910,1.14
AT3G12300,1.14
AT3G09900,1.14
AT5G05100,1.14
AT1G66330,1.15
AT3G60340,1.15
AT4G23410,1.15
AT1G56510,1.15
AT3G62550,1.15
AT4G09460,1.15
AT4G19860,1.15
AT4G15660,1.16
AT1G19960,1.16
AT4G04330,1.16
AT1G14740,1.16
AT5G37740,1.16
AT1G36060,1.16
AT5G19330,1.16
AT4G14410,1.16
AT4G33420,1.16
AT4G31240,1.17
AT1G24340,1.17
AT4G12080,1.17
AT2G26190,1.17
AT5G14740,1.17
AT3G07040,1.17
AT5G54280,1.17
AT2G21185,1.17
AT3G17440,1.17
AT1G70300,1.18
AT1G01780,1.18
AT1G44800,1.18
AT1G03590,1.18
AT5G64410,1.18
AT3G52800,1.18
AT5G64240,1.18
AT2G20740,1.18
AT2G38800,1.18
AT2G15580,1.18
AT2G25450,1.18
AT5G65530,1.18
AT5G05750,1.18
AT5G49690,1.18
AT4G10910,1.18
AT3G16690,1.18
AT1G09910,1.19
AT4G18140,1.19
AT5G10450,1.19
AT3G19800,1.19
AT2G02220,1.19
AT1G02340,1.19
AT2G14060,1.20
AT5G27280,1.20
AT2G41710,1.20
AT5G48100,1.20
AT3G15850,1.20
AT3G57770,1.20
AT1G53885,1.20
AT3G26470,1.20
AT5G19430,1.20
AT5G58575,1.20
AT3G10985,1.20
AT1G57980,1.20
AT3G07220,1.20
AT2G37478,1.20
AT1G17990,1.20
AT3G26890,1.20
AT3G17510,1.20
AT2G25070,1.20
AT2G46270,1.20
AT5G13090,1.20
AT4G21450,1.21
AT5G01610,1.21
AT2G23030,1.21
AT5G04760,1.21
AT1G12910,1.21
AT1G07110,1.21
AT2G21970,1.21
AT5G24160,1.21
AT3G47800,1.21
AT5G13760,1.21
AT3G52840,1.22
AT2G37970,1.22
AT1G03520,1.22
AT3G47160,1.22
AT5G58720,1.22
AT3G51860,1.22
AT2G48020,1.22
AT1G75800,1.22
AT2G26430,1.22
AT3G10250,1.22
AT2G43535,1.22
AT4G10925,1.22
AT5G25770,1.22
AT3G16570,1.22
AT2G17520,1.22
AT3G60290,1.23
AT1G08210,1.23
AT4G21980,1.23
AT3G47610,1.23
AT4G39090,1.23
AT5G60260,1.23
AT1G67470,1.23
AT5G35330,1.23
AT3G53470,1.23
AT1G73655,1.23
AT1G80240,1.24
AT4G23260,1.24
AT4G08930,1.24
AT1G64740,1.24
AT1G12790,1.24
AT3G21260,1.24
AT3G06420,1.24
AT2G36220,1.24
AT1G10660,1.24
AT1G01770,1.24
AT1G10150,1.24
AT5G57360,1.24
AT2G30360,1.24
AT4G33300,1.25
AT1G75810,1.25
AT2G40110,1.25
AT5G63790,1.25
AT5G59440,1.25
AT2G29400,1.25
AT5G67380,1.25
AT2G46900,1.25
AT3G60130,1.25
AT5G25630,1.25
AT3G24120,1.25
AT4G32150,1.26
AT4G21810,1.26
AT3G56360,1.26
AT1G12250,1.26
AT3G19910,1.26
AT1G72890,1.26
AT1G55530,1.26
AT1G21670,1.26
AT4G00780,1.26
AT1G14150,1.27
AT4G32060,1.27
AT5G11260,1.27
AT1G35350,1.27
AT1G77000,1.27
AT5G47180,1.27
AT1G17060,1.27
AT5G13730,1.27
AT5G14080,1.27
AT2G24260,1.27
AT5G39520,1.27
AT1G78460,1.27
AT5G39660,1.27
AT4G08920,1.27
AT5G65380,1.27
AT5G14170,1.27
AT4G20110,1.27
AT1G69890,1.27
AT3G02690,1.27
AT1G73380,1.28
AT3G59480,1.28
AT3G49590,1.28
AT1G29395,1.28
AT5G18490,1.28
AT1G73920,1.28
AT5G20240,1.28
AT3G06750,1.28
AT1G15350,1.28
AT5G24420,1.28
AT3G29160,1.29
AT2G15680,1.29
AT5G43830,1.29
AT3G20250,1.29
AT2G31800,1.29
AT2G18670,1.29
AT4G28860,1.29
AT5G59820,1.30
AT4G14500,1.30
AT5G04720,1.30
AT4G20870,1.30
AT3G26230,1.30
AT1G73066,1.30
AT1G03200,1.30
AT3G22420,1.30
AT2G32710,1.30
AT3G20410,1.30
AT5G61380,1.31
AT4G23870,1.31
AT4G15680,1.31
AT3G16857,1.31
AT3G09220,1.31
AT5G57785,1.31
AT5G35790,1.31
AT3G19990,1.31
AT3G14690,1.32
AT5G62020,1.32
AT2G46260,1.32
AT5G59780,1.32
AT3G07780,1.32
AT5G67480,1.32
AT3G62980,1.32
AT4G14540,1.32
AT3G29035,1.32
AT2G45980,1.32
AT3G02070,1.32
AT3G07560,1.33
AT5G14410,1.33
AT5G46410,1.33
AT4G19170,1.33
AT4G29190,1.33
AT3G23760,1.33
AT2G14910,1.33
AT2G02180,1.33
AT1G73500,1.33
AT1G03290,1.33
AT1G78895,1.33
AT4G01120,1.33
AT5G15330,1.34
AT1G49050,1.34
AT5G64120,1.34
AT2G17710,1.34
AT1G70660,1.34
AT5G03230,1.34
AT1G21910,1.34
AT3G62860,1.34
AT1G45976,1.34
AT4G29900,1.34
AT4G28190,1.35
AT4G37870,1.35
AT1G27730,1.35
AT3G14680,1.35
AT1G21450,1.35
AT5G43450,1.35
AT4G35090,1.35
AT2G42580,1.35
AT2G24240,1.35
AT5G57910,1.36
AT2G28305,1.36
AT1G53030,1.36
AT3G57020,1.36
AT1G19380,1.36
AT2G43430,1.36
AT3G04350,1.36
AT3G03990,1.36
AT5G56180,1.36
AT5G66180,1.36
AT5G58570,1.36
AT1G32450,1.37
AT5G24870,1.37
AT5G18130,1.37
AT5G08240,1.37
AT4G10120,1.37
AT1G16260,1.37
AT3G29575,1.37
AT5G24890,1.37
AT3G10450,1.37
AT1G22885,1.37
AT4G17080,1.38
AT1G76520,1.38
AT5G16120,1.38
AT1G80570,1.38
AT1G53560,1.38
AT1G08920,1.38
AT2G26710,1.38
AT1G66540,1.38
AT1G58360,1.38
AT1G62040,1.38
AT1G59700,1.38
AT1G65490,1.38
AT5G05600,1.38
AT4G36670,1.38
AT1G24440,1.38
AT1G65230,1.38
AT4G17840,1.38
AT1G34760,1.39
AT2G01530,1.39
AT2G01300,1.39
AT1G15880,1.39
AT4G37330,1.39
AT3G06210,1.40
AT5G37710,1.40
AT3G05200,1.40
AT1G26670,1.40
AT2G42900,1.40
AT5G16970,1.40
AT2G42750,1.40
AT4G30690,1.40
AT5G24120,1.40
AT5G60270,1.41
AT3G60490,1.41
AT1G29400,1.41
AT1G02816,1.41
AT4G38540,1.41
AT5G65660,1.41
AT3G61890,1.41
AT5G01810,1.41
AT5G64880,1.41
AT4G28290,1.41
AT3G43430,1.41
AT1G66160,1.41
AT1G16130,1.42
AT5G14510,1.42
AT1G35420,1.42
AT5G16880,1.42
AT5G53050,1.42
AT1G32700,1.42
AT4G11330,1.42
AT1G75490,1.42
AT5G18290,1.42
AT2G41190,1.43
AT3G47430,1.43
AT4G17250,1.43
AT3G28220,1.43
AT1G64230,1.43
AT5G18110,1.43
AT1G11530,1.43
AT4G15700,1.43
AT3G01770,1.43
AT1G03380,1.43
AT5G04880,1.44
AT1G31350,1.44
AT1G05575,1.44
AT3G62930,1.44
AT3G02140,1.44
AT1G21000,1.44
AT1G26930,1.44
AT2G29300,1.44
AT2G24550,1.44
AT1G76490,1.44
AT2G47700,1.45
AT2G13360,1.45
AT5G66110,1.45
AT4G39780,1.45
AT4G37150,1.45
AT4G18340,1.45
AT3G61600,1.45
AT2G36950,1.45
AT5G13330,1.45
AT1G76650,1.45
AT5G16540,1.46
AT5G14390,1.46
AT4G39070,1.46
AT1G05890,1.46
AT3G01420,1.46
AT5G23660,1.46
AT5G16980,1.46
AT5G05550,1.46
AT4G04040,1.46
AT5G46040,1.47
AT3G05120,1.47
AT3G01175,1.47
AT4G28300,1.47
AT3G07310,1.47
AT5G58090,1.47
AT2G36900,1.47
AT2G28630,1.48
AT1G03850,1.48
AT5G61820,1.48
AT4G18740,1.48
AT1G55110,1.48
AT3G03150,1.48
AT5G58800,1.48
AT2G46600,1.49
AT1G01240,1.49
AT4G15780,1.49
AT3G11930,1.49
AT1G21780,1.49
AT4G33660,1.49
AT1G27150,1.49
AT3G11100,1.49
AT1G03470,1.50
AT1G20160,1.50
AT1G50420,1.50
AT2G24270,1.50
AT4G20380,1.50
AT5G42200,1.50
AT1G76570,1.50
AT1G78660,1.50
AT3G15760,1.50
AT5G38930,1.51
AT3G23920,1.51
AT3G58670,1.51
AT5G47390,1.51
AT2G41640,1.51
AT1G05810,1.51
AT1G68010,1.51
AT4G25170,1.51
AT2G30250,1.52
AT2G24280,1.52
AT1G53400,1.52
AT1G61820,1.52
AT1G10210,1.52
AT3G16220,1.52
AT1G45145,1.52
AT3G02340,1.52
AT4G38690,1.52
AT4G28260,1.53
AT3G23080,1.53
AT5G18850,1.53
AT5G03240,1.53
AT2G37750,1.53
AT5G17400,1.53
AT1G65510,1.53
AT1G80420,1.54
AT2G34500,1.54
AT5G06370,1.54
AT1G05840,1.55
AT5G48180,1.55
AT4G08300,1.55
AT2G19970,1.56
AT3G11560,1.56
AT3G52070,1.56
AT2G07140,1.56
AT1G75770,1.57
AT1G11380,1.57
AT4G05070,1.57
AT4G09830,1.57
AT5G50450,1.57
AT5G49640,1.57
AT2G30600,1.58
AT5G37540,1.58
AT1G15010,1.58
AT1G64720,1.58
AT1G75440,1.58
AT5G10695,1.58
AT5G14120,1.58
AT5G63620,1.58
AT5G10380,1.58
AT3G14595,1.59
AT1G72820,1.59
AT1G62480,1.59
AT5G17860,1.59
AT2G04790,1.59
AT5G47240,1.60
AT1G59590,1.60
AT3G52480,1.60
AT5G59080,1.60
AT5G19860,1.60
AT3G13700,1.60
AT1G08980,1.60
AT4G20860,1.60
AT1G80840,1.60
AT1G29760,1.60
AT2G03730,1.61
AT4G15690,1.61
AT5G59960,1.61
AT1G31290,1.62
AT5G06690,1.62
AT4G36730,1.62
AT4G31290,1.62
AT2G45600,1.62
AT2G15890,1.62
AT4G21510,1.63
AT4G38060,1.63
AT5G18140,1.63
AT3G53950,1.63
AT4G26400,1.63
AT1G30260,1.64
AT1G66130,1.64
AT2G07180,1.64
AT4G17486,1.64
AT3G22200,1.64
AT2G04795,1.64
AT3G14050,1.64
AT4G33940,1.65
AT3G21720,1.65
AT1G48840,1.65
AT1G30760,1.65
AT5G17290,1.65
AT1G67480,1.65
AT1G66180,1.66
AT2G45740,1.66
AT5G25240,1.66
AT5G23340,1.66
AT1G73260,1.66
AT2G43330,1.66
AT3G15070,1.67
AT3G55980,1.67
AT2G39000,1.67
AT3G14660,1.67
AT4G28270,1.68
AT1G09460,1.68
AT5G06870,1.68
AT4G35780,1.68
AT3G52060,1.69
AT1G68020,1.69
AT5G16650,1.69
AT1G75220,1.69
AT1G23710,1.69
AT1G22500,1.69
AT2G31810,1.69
AT3G51000,1.69
AT5G66250,1.69
AT3G21090,1.69
AT4G00750,1.69
AT1G58030,1.70
AT4G37520,1.70
AT4G25910,1.70
AT3G11620,1.70
AT5G19530,1.71
AT4G12690,1.71
AT3G61210,1.72
AT5G37260,1.72
AT2G33810,1.72
AT1G55810,1.73
AT5G60680,1.73
AT1G76460,1.73
AT4G01330,1.74
AT2G05540,1.74
AT3G48360,1.74
AT4G17245,1.74
AT1G55000,1.75
AT5G47610,1.75
AT1G35612,1.75
AT1G22930,1.75
AT2G28120,1.75
AT5G24820,1.76
AT4G13530,1.76
AT2G41250,1.76
AT2G39400,1.77
AT3G15820,1.77
AT1G80380,1.77
AT5G14780,1.77
AT1G22740,1.77
AT4G08290,1.77
AT5G02160,1.77
AT5G02150,1.78
AT4G07820,1.78
AT5G58350,1.79
AT5G02810,1.79
AT3G13062,1.79
AT3G15440,1.79
AT1G43590,1.79
AT5G06570,1.79
AT4G34138,1.80
AT1G05560,1.80
AT1G62660,1.80
AT2G28200,1.80
AT1G56220,1.81
AT3G26690,1.81
AT5G61440,1.81
AT2G14160,1.81
AT1G22190,1.81
AT1G32170,1.81
AT1G09430,1.82
AT3G19860,1.82
AT5G20520,1.82
AT5G20250,1.84
AT2G29290,1.84
AT4G18510,1.84
AT4G16190,1.84
AT5G59030,1.85
AT4G33666,1.85
AT3G46600,1.85
AT5G05410,1.85
AT5G66170,1.85
AT5G48110,1.85
AT4G24040,1.86
AT1G73120,1.86
AT2G38210,1.86
AT3G45970,1.86
AT1G26800,1.86
AT3G13310,1.86
AT3G54500,1.87
AT2G01080,1.87
AT5G18670,1.87
AT5G03860,1.88
AT2G25735,1.88
AT4G17030,1.89
AT5G26920,1.89
AT5G01740,1.89
AT1G12240,1.89
AT3G50980,1.89
AT2G15695,1.90
AT3G59940,1.90
AT5G23380,1.90
AT3G56140,1.90
AT5G11070,1.90
AT1G26665,1.91
AT4G27657,1.91
AT4G24050,1.91
AT5G01600,1.91
AT2G45220,1.91
AT3G59350,1.92
AT3G20660,1.92
AT1G01720,1.93
AT1G32460,1.93
AT3G02040,1.93
AT4G17730,1.94
AT1G76110,1.94
AT1G35580,1.95
AT3G07870,1.95
AT3G48530,1.95
AT3G60300,1.95
AT3G50480,1.95
AT5G05140,1.95
AT4G11360,1.96
AT1G03400,1.96
AT5G04040,1.96
AT1G21100,1.97
AT4G34970,1.97
AT5G28050,1.98
AT4G16520,1.98
AT1G60140,1.98
AT4G01870,1.98
AT3G04000,1.98
AT1G70700,1.99
AT5G24270,2.00
AT2G25590,2.00
AT4G08950,2.01
AT1G15740,2.02
AT3G56400,2.02
AT3G46130,2.03
AT5G23050,2.03
AT5G14070,2.04
AT1G23050,2.04
AT4G27410,2.05
AT1G72070,2.05
AT2G18050,2.05
AT3G51840,2.05
AT2G28110,2.05
AT3G46690,2.05
AT1G29970,2.06
AT5G57650,2.06
AT3G06080,2.06
AT1G43670,2.06
AT3G06780,2.06
AT5G65110,2.07
AT4G13830,2.07
AT2G36320,2.07
AT5G65730,2.07
AT1G72900,2.07
AT4G32940,2.07
AT4G36410,2.08
AT1G27290,2.08
AT4G24180,2.08
AT1G21360,2.09
AT1G33050,2.09
AT2G39800,2.10
AT4G17490,2.10
AT3G14770,2.11
AT5G47720,2.11
AT4G33980,2.12
AT1G76590,2.12
AT2G46750,2.12
AT2G41100,2.12
AT5G58650,2.13
AT5G08350,2.13
AT1G13990,2.14
AT1G16720,2.14
AT2G25200,2.14
AT3G48520,2.15
AT1G08570,2.15
AT1G02640,2.15
AT3G61260,2.16
AT1G23120,2.16
AT5G06980,2.16
AT1G68190,2.16
AT5G47040,2.17
AT5G55970,2.17
AT5G54300,2.18
AT2G18280,2.19
AT5G18630,2.19
AT1G12010,2.20
AT1G18460,2.20
AT2G31945,2.20
AT5G51070,2.20
AT3G51730,2.20
AT1G28260,2.21
AT2G44130,2.22
AT2G22860,2.22
AT2G21820,2.22
AT2G33830,2.22
AT2G41850,2.22
AT2G04690,2.23
AT2G46740,2.23
AT1G09420,2.23
AT5G47560,2.24
AT2G05160,2.24
AT5G42900,2.24
AT5G56750,2.25
AT3G10020,2.26
AT5G51390,2.26
AT1G03620,2.27
AT1G07040,2.27
AT3G50560,2.27
AT5G51970,2.28
AT4G35750,2.28
AT3G23880,2.29
AT1G10140,2.29
AT5G55700,2.29
AT1G67070,2.29
AT1G63180,2.29
AT5G24490,2.29
AT1G63800,2.30
AT5G14470,2.30
AT5G26740,2.30
AT1G64500,2.31
AT5G63190,2.32
AT5G18600,2.32
AT5G28770,2.33
AT2G14170,2.33
AT5G61600,2.33
AT2G15960,2.33
AT4G01250,2.34
AT1G13700,2.34
AT1G21410,2.35
AT5G57655,2.35
AT2G24100,2.35
AT2G46220,2.36
AT5G07010,2.36
AT2G39450,2.36
AT5G45310,2.36
AT4G39675,2.36
AT1G71030,2.37
AT4G03510,2.37
AT2G18260,2.37
AT4G25810,2.37
AT5G24530,2.38
AT5G19120,2.38
AT2G19810,2.38
AT1G50040,2.39
AT2G47270,2.39
AT1G14870,2.40
AT1G43160,2.41
AT1G54100,2.41
AT4G33150,2.42
AT1G19660,2.42
AT5G22920,2.42
AT4G29950,2.43
AT3G26510,2.43
AT3G16150,2.44
AT1G17810,2.45
AT2G35170,2.47
AT1G78720,2.47
AT3G28740,2.47
AT4G13030,2.47
AT1G03610,2.48
AT1G55510,2.49
AT1G30720,2.49
AT3G15630,2.50
AT1G60740,2.50
AT4G15260,2.50
AT4G04630,2.50
AT3G10740,2.51
AT5G57550,2.52
AT1G66760,2.54
AT1G35670,2.54
AT3G26280,2.55
AT3G07350,2.55
AT3G14990,2.59
AT2G02710,2.59
AT1G15040,2.60
AT3G29240,2.62
AT5G27920,2.62
AT4G36040,2.63
AT5G15850,2.63
AT4G32870,2.64
AT5G04770,2.64
AT5G16110,2.64
AT3G01290,2.65
AT3G13750,2.66
AT4G20070,2.66
AT1G23870,2.67
AT1G80180,2.67
AT2G45170,2.68
AT1G78290,2.68
AT4G19160,2.68
AT4G14130,2.68
AT5G16340,2.70
AT4G16563,2.71
AT2G27830,2.71
AT4G15610,2.72
AT5G64260,2.74
AT1G77210,2.74
AT1G33055,2.74
AT1G58180,2.76
AT1G69600,2.78
AT1G19610,2.79
AT5G06860,2.79
AT1G72060,2.79
AT1G28330,2.80
AT3G22640,2.80
AT1G23390,2.83
AT5G03310,2.84
AT1G68440,2.84
AT5G52250,2.87
AT2G19800,2.88
AT3G15450,2.88
AT2G32870,2.90
AT5G49730,2.90
AT1G76600,2.92
AT2G42890,2.94
AT5G49360,2.94
AT4G38470,2.95
AT5G50600,2.96
AT5G02020,2.96
AT1G80920,2.97
AT2G25900,2.98
AT1G18330,2.99
AT3G15500,2.99
AT1G21680,3.00
AT5G17300,3.03
AT2G22980,3.04
AT5G07440,3.04
AT1G12780,3.05
AT1G64660,3.05
AT2G38820,3.06
AT5G53970,3.08
AT2G43400,3.08
AT5G56100,3.12
AT1G02660,3.14
AT1G70290,3.16
AT1G18270,3.17
AT3G30775,3.19
AT1G22890,3.19
AT5G49448,3.20
AT3G57520,3.21
AT5G21170,3.22
AT3G15620,3.22
AT1G25400,3.25
AT3G26220,3.25
AT5G14180,3.28
AT5G02840,3.28
AT1G11260,3.29
AT5G24800,3.30
AT3G19390,3.31
AT4G16000,3.32
AT4G34030,3.34
AT2G40420,3.35
AT4G26530,3.35
AT2G39570,3.37
AT2G20670,3.38
AT1G52240,3.40
AT5G54080,3.40
AT3G06850,3.45
AT3G49780,3.46
AT1G80440,3.49
AT1G18280,3.51
AT1G76410,3.55
AT1G79700,3.55
AT3G21870,3.57
AT3G13450,3.59
AT3G45300,3.60
AT3G49790,3.62
AT5G57560,3.63
AT4G37610,3.67
AT2G40000,3.68
AT5G56870,3.69
AT1G79360,3.71
AT2G38400,3.72
AT3G20340,3.73
AT1G10340,3.76
AT1G54740,3.80
AT2G17880,3.81
AT5G07100,3.83
AT5G39580,3.84
AT3G61060,3.87
AT5G41080,3.91
AT2G15880,3.94
AT5G18170,3.94
AT1G19540,3.94
AT4G16690,4.01
AT4G30270,4.02
AT1G15330,4.07
AT2G18700,4.11
AT1G35140,4.13
AT3G45730,4.14
AT5G66650,4.14
AT5G20230,4.16
AT4G27450,4.16
AT2G32150,4.17
AT3G16120,4.37
AT4G28040,4.38
AT1G05340,4.52
AT1G06570,4.60
AT4G37220,4.79
AT4G15530,4.87
AT1G15380,4.89
AT1G21400,4.98
AT3G25190,5.17
AT4G25580,5.37
AT1G80160,5.55
AT3G47340,5.70
AT3G62950,5.80
AT3G60140,5.96
AT4G35770,6.03
AT1G03090,6.03
AT1G19530,6.17
AT1G08630,6.28
AT4G26260,6.36
AT1G10070,6.58
